"Text","meanRating","nRatings","Class","ControlGroup","Learner","TextType","Language","Time"
"FrenchTexts/A/AA_PLF_10_narr_F_C_1.txt",4.66666666666667,6,"AA",FALSE,"10","narr","F","1"
"FrenchTexts/A/AA_PLF_7_narr_F_C_2.txt",4.83333333333333,6,"AA",FALSE,"7","narr","F","2"
"FrenchTexts/A/AD_PLF_14_narr_F_C_3.txt",3.83333333333333,6,"AD",FALSE,"14","narr","F","3"
"FrenchTexts/A/AD_PLF_19_arg_F_C_2.txt",5.16666666666667,6,"AD",FALSE,"19","arg","F","2"
"FrenchTexts/A/AD_PLF_20_arg_F_C_3.txt",4.5,6,"AD",FALSE,"20","arg","F","3"
"FrenchTexts/A/AD_PLF_20_narr_F_C_3.txt",4.83333333333333,6,"AD",FALSE,"20","narr","F","3"
"FrenchTexts/A/AD_PLF_21_arg_F_C_3.txt",6.16666666666667,6,"AD",FALSE,"21","arg","F","3"
"FrenchTexts/A/AD_PLF_8_arg_F_C_2.txt",4.83333333333333,6,"AD",FALSE,"8","arg","F","2"
"FrenchTexts/A/AE_PLF_1_arg_F_C_2.txt",4.83333333333333,6,"AE",FALSE,"1","arg","F","2"
"FrenchTexts/A/A_PLF_10_narr_F_C_1.txt",4,6,"A",FALSE,"10","narr","F","1"
"FrenchTexts/A/A_PLF_13_arg_F_C_1.txt",5.83333333333333,6,"A",FALSE,"13","arg","F","1"
"FrenchTexts/A/A_PLF_16_narr_F_C_2.txt",6.16666666666667,6,"A",FALSE,"16","narr","F","2"
"FrenchTexts/A/A_PLF_17_narr_F_C_3.txt",5.5,6,"A",FALSE,"17","narr","F","3"
"FrenchTexts/A/A_PLF_1_arg_F_C_3.txt",4.66666666666667,6,"A",FALSE,"1","arg","F","3"
"FrenchTexts/A/A_PLF_6_narr_F_C_2.txt",3.66666666666667,6,"A",FALSE,"6","narr","F","2"
"FrenchTexts/A/C_PLF_16_arg_F_C_1.txt",6,6,"C",FALSE,"16","arg","F","1"
"FrenchTexts/A/D_PLF_9_arg_F_C_1.txt",7.16666666666667,6,"D",FALSE,"9","arg","F","1"
"FrenchTexts/A/P_CF_12_arg_F_C_3.txt",5.83333333333333,6,"P",TRUE,"12","arg","F","3"
"FrenchTexts/A/P_CF_3_narr_F_C_2.txt",4.5,6,"P",TRUE,"3","narr","F","2"
"FrenchTexts/A/P_CF_4_narr_F_C_2.txt",4.66666666666667,6,"P",TRUE,"4","narr","F","2"
"FrenchTexts/A/P_CF_8_arg_F_C_3.txt",6,6,"P",TRUE,"8","arg","F","3"
"FrenchTexts/A/Q_CF_9_arg_F_C_1.txt",5.66666666666667,6,"Q",TRUE,"9","arg","F","1"
"FrenchTexts/A/Q_CF_9_narr_F_C_3.txt",7.5,6,"Q",TRUE,"9","narr","F","3"
"FrenchTexts/A/R_CF_2_arg_F_C_2.txt",4.5,6,"R",TRUE,"2","arg","F","2"
"FrenchTexts/A/R_CF_3_narr_F_C_1.txt",4.83333333333333,6,"R",TRUE,"3","narr","F","1"
"FrenchTexts/A/R_CF_6_arg_F_C_2.txt",5.66666666666667,6,"R",TRUE,"6","arg","F","2"
"FrenchTexts/A/R_CF_9_arg_F_C_1.txt",4.5,6,"R",TRUE,"9","arg","F","1"
"FrenchTexts/A/T_CF_11_arg_F_C_1.txt",3.83333333333333,6,"T",TRUE,"11","arg","F","1"
"FrenchTexts/A/T_CF_18_narr_F_C_1.txt",3.83333333333333,6,"T",TRUE,"18","narr","F","1"
"FrenchTexts/A/T_CF_6_narr_F_C_3.txt",6,6,"T",TRUE,"6","narr","F","3"
"FrenchTexts/A/W_CF_10_arg_F_C_1.txt",4.5,6,"W",TRUE,"10","arg","F","1"
"FrenchTexts/A/W_CF_13_arg_F_C_2.txt",8.16666666666667,6,"W",TRUE,"13","arg","F","2"
"FrenchTexts/A/W_CF_14_arg_F_C_3.txt",6.66666666666667,6,"W",TRUE,"14","arg","F","3"
"FrenchTexts/A/W_CF_15_narr_F_C_3.txt",6.66666666666667,6,"W",TRUE,"15","narr","F","3"
"FrenchTexts/A/W_CF_16_arg_F_C_3.txt",6.83333333333333,6,"W",TRUE,"16","arg","F","3"
"FrenchTexts/A/W_CF_18_arg_F_C_2.txt",5.16666666666667,6,"W",TRUE,"18","arg","F","2"
"FrenchTexts/A/W_CF_7_narr_F_C_2.txt",7.5,6,"W",TRUE,"7","narr","F","2"
"FrenchTexts/A/Y_PNF_1_narr_F_C_1.txt",5,6,"Y",FALSE,"1","narr","F","1"
"FrenchTexts/A/Y_PNF_23_narr_F_C_3.txt",4,6,"Y",FALSE,"23","narr","F","3"
"FrenchTexts/A/Y_PNF_25_arg_F_C_1.txt",4.16666666666667,6,"Y",FALSE,"25","arg","F","1"
"FrenchTexts/A/Y_PNF_25_narr_F_C_2.txt",5.16666666666667,6,"Y",FALSE,"25","narr","F","2"
"FrenchTexts/A/Y_PNF_26_arg_F_C_2.txt",5.33333333333333,6,"Y",FALSE,"26","arg","F","2"
"FrenchTexts/A/Y_PNF_28_arg_F_C_2.txt",6,6,"Y",FALSE,"28","arg","F","2"
"FrenchTexts/A/Y_PNF_29_arg_F_C_3.txt",3.16666666666667,6,"Y",FALSE,"29","arg","F","3"
"FrenchTexts/A/Y_PNF_2_arg_F_C_1.txt",3.83333333333333,6,"Y",FALSE,"2","arg","F","1"
"FrenchTexts/A/Y_PNF_32_narr_F_C_2.txt",5.16666666666667,6,"Y",FALSE,"32","narr","F","2"
"FrenchTexts/A/Y_PNF_9_narr_F_C_3.txt",7.33333333333333,6,"Y",FALSE,"9","narr","F","3"
"FrenchTexts/A/Z_PLF_1_narr_F_C_1.txt",4.83333333333333,6,"Z",FALSE,"1","narr","F","1"
"FrenchTexts/A/Z_PLF_3_arg_F_C_2.txt",4.66666666666667,6,"Z",FALSE,"3","arg","F","2"
"FrenchTexts/A/Z_PLF_4_arg_F_C_3.txt",4.16666666666667,6,"Z",FALSE,"4","arg","F","3"
"FrenchTexts/B/AA_PLF_11_arg_F_C_2.txt",4.125,8,"AA",FALSE,"11","arg","F","2"
"FrenchTexts/B/AA_PLF_6_arg_F_C_3.txt",6.25,8,"AA",FALSE,"6","arg","F","3"
"FrenchTexts/B/AA_PLF_9_narr_F_C_1.txt",4.375,8,"AA",FALSE,"9","narr","F","1"
"FrenchTexts/B/AD_PLF_13_arg_F_C_1.txt",5.875,8,"AD",FALSE,"13","arg","F","1"
"FrenchTexts/B/AD_PLF_21_arg_F_C_1.txt",6.25,8,"AD",FALSE,"21","arg","F","1"
"FrenchTexts/B/AD_PLF_21_narr_F_C_2.txt",5.375,8,"AD",FALSE,"21","narr","F","2"
"FrenchTexts/B/AD_PLF_25_narr_F_C_1.txt",5.625,8,"AD",FALSE,"25","narr","F","1"
"FrenchTexts/B/AD_PLF_26_narr_F_C_2.txt",6.125,8,"AD",FALSE,"26","narr","F","2"
"FrenchTexts/B/AE_PLF_2_narr_F_C_2.txt",6.5,8,"AE",FALSE,"2","narr","F","2"
"FrenchTexts/B/AE_PLF_4_narr_F_C_1.txt",5.125,8,"AE",FALSE,"4","narr","F","1"
"FrenchTexts/B/A_PLF_19_arg_F_C_3.txt",6.375,8,"A",FALSE,"19","arg","F","3"
"FrenchTexts/B/A_PLF_3_narr_F_C_3.txt",4.875,8,"A",FALSE,"3","narr","F","3"
"FrenchTexts/B/C_PLF_31_narr_F_C_1.txt",6,8,"C",FALSE,"31","narr","F","1"
"FrenchTexts/B/P_CF_12_arg_F_C_1.txt",5.625,8,"P",TRUE,"12","arg","F","1"
"FrenchTexts/B/P_CF_13_narr_F_C_3.txt",7.125,8,"P",TRUE,"13","narr","F","3"
"FrenchTexts/B/P_CF_8_narr_F_C_1.txt",3.5,8,"P",TRUE,"8","narr","F","1"
"FrenchTexts/B/Q_CF_11_narr_F_C_3.txt",6.375,8,"Q",TRUE,"11","narr","F","3"
"FrenchTexts/B/Q_CF_15_arg_F_C_2.txt",4.75,8,"Q",TRUE,"15","arg","F","2"
"FrenchTexts/B/Q_CF_5_arg_F_C_1.txt",5.5,8,"Q",TRUE,"5","arg","F","1"
"FrenchTexts/B/Q_CF_5_narr_F_C_1.txt",4,8,"Q",TRUE,"5","narr","F","1"
"FrenchTexts/B/R_CF_16_arg_F_C_3.txt",6.5,8,"R",TRUE,"16","arg","F","3"
"FrenchTexts/B/R_CF_1_arg_F_C_2.txt",5.5,8,"R",TRUE,"1","arg","F","2"
"FrenchTexts/B/R_CF_3_arg_F_C_1.txt",4.875,8,"R",TRUE,"3","arg","F","1"
"FrenchTexts/B/R_CF_7_arg_F_C_2.txt",5,8,"R",TRUE,"7","arg","F","2"
"FrenchTexts/B/R_CF_7_narr_F_C_2.txt",4.25,8,"R",TRUE,"7","narr","F","2"
"FrenchTexts/B/R_CF_9_narr_F_C_3.txt",5.25,8,"R",TRUE,"9","narr","F","3"
"FrenchTexts/B/T_CF_13_arg_F_C_2.txt",6.625,8,"T",TRUE,"13","arg","F","2"
"FrenchTexts/B/T_CF_15_narr_F_C_2.txt",6.75,8,"T",TRUE,"15","narr","F","2"
"FrenchTexts/B/T_CF_19_arg_F_C_3.txt",7.25,8,"T",TRUE,"19","arg","F","3"
"FrenchTexts/B/T_CF_9_narr_F_C_2.txt",3.75,8,"T",TRUE,"9","narr","F","2"
"FrenchTexts/B/W_CF_1_arg_F_C_3.txt",8,8,"W",TRUE,"1","arg","F","3"
"FrenchTexts/B/W_CF_4_arg_F_C_3.txt",6.625,8,"W",TRUE,"4","arg","F","3"
"FrenchTexts/B/W_CF_6_narr_F_C_2.txt",7.25,8,"W",TRUE,"6","narr","F","2"
"FrenchTexts/B/Y_PNF_10_narr_F_C_3.txt",7.75,8,"Y",FALSE,"10","narr","F","3"
"FrenchTexts/B/Y_PNF_15_arg_F_C_1.txt",6,8,"Y",FALSE,"15","arg","F","1"
"FrenchTexts/B/Y_PNF_15_arg_F_C_2.txt",4.875,8,"Y",FALSE,"15","arg","F","2"
"FrenchTexts/B/Y_PNF_17_arg_F_C_2.txt",5.125,8,"Y",FALSE,"17","arg","F","2"
"FrenchTexts/B/Y_PNF_22_narr_F_C_3.txt",6.25,8,"Y",FALSE,"22","narr","F","3"
"FrenchTexts/B/Y_PNF_27_narr_F_C_1.txt",4.875,8,"Y",FALSE,"27","narr","F","1"
"FrenchTexts/B/Y_PNF_2_arg_F_C_3.txt",7.875,8,"Y",FALSE,"2","arg","F","3"
"FrenchTexts/B/Y_PNF_30_arg_F_C_1.txt",5.375,8,"Y",FALSE,"30","arg","F","1"
"FrenchTexts/B/Y_PNF_31_arg_F_C_3.txt",5.125,8,"Y",FALSE,"31","arg","F","3"
"FrenchTexts/B/Y_PNF_33_narr_F_C_3.txt",6.875,8,"Y",FALSE,"33","narr","F","3"
"FrenchTexts/B/Y_PNF_4_narr_F_C_2.txt",5.5,8,"Y",FALSE,"4","narr","F","2"
"FrenchTexts/B/Y_PNF_5_arg_F_C_2.txt",5.125,8,"Y",FALSE,"5","arg","F","2"
"FrenchTexts/B/Y_PNF_8_arg_F_C_1.txt",4.75,8,"Y",FALSE,"8","arg","F","1"
"FrenchTexts/B/Z_PLF_6_arg_F_C_2.txt",5.875,8,"Z",FALSE,"6","arg","F","2"
"FrenchTexts/B/Z_PLF_6_arg_F_C_3.txt",7.125,8,"Z",FALSE,"6","arg","F","3"
"FrenchTexts/B/Z_PLF_8_narr_F_C_2.txt",6.125,8,"Z",FALSE,"8","narr","F","2"
"FrenchTexts/B/Z_PLF_8_narr_F_C_3.txt",6.75,8,"Z",FALSE,"8","narr","F","3"
"FrenchTexts/C/AA_PLF_4_narr_F_C_3.txt",5.5,4,"AA",FALSE,"4","narr","F","3"
"FrenchTexts/C/AA_PLF_5_arg_F_C_1.txt",2,4,"AA",FALSE,"5","arg","F","1"
"FrenchTexts/C/AD_PLF_18_arg_F_C_2.txt",4.25,4,"AD",FALSE,"18","arg","F","2"
"FrenchTexts/C/AD_PLF_19_narr_F_C_1.txt",3.5,4,"AD",FALSE,"19","narr","F","1"
"FrenchTexts/C/AD_PLF_22_arg_F_C_2.txt",3,4,"AD",FALSE,"22","arg","F","2"
"FrenchTexts/C/AE_PLF_5_narr_F_C_2.txt",2.5,4,"AE",FALSE,"5","narr","F","2"
"FrenchTexts/C/A_PLF_10_arg_F_C_2.txt",3.25,4,"A",FALSE,"10","arg","F","2"
"FrenchTexts/C/A_PLF_8_narr_F_C_1.txt",4,4,"A",FALSE,"8","narr","F","1"
"FrenchTexts/C/A_PLF_9_arg_F_C_3.txt",6.75,4,"A",FALSE,"9","arg","F","3"
"FrenchTexts/C/A_PLF_9_narr_F_C_2.txt",5.25,4,"A",FALSE,"9","narr","F","2"
"FrenchTexts/C/C_PLF_10_narr_F_C_2.txt",5,4,"C",FALSE,"10","narr","F","2"
"FrenchTexts/C/C_PLF_16_narr_F_C_2.txt",6.5,4,"C",FALSE,"16","narr","F","2"
"FrenchTexts/C/C_PLF_16_narr_F_C_3.txt",7,4,"C",FALSE,"16","narr","F","3"
"FrenchTexts/C/C_PLF_7_arg_F_C_1.txt",5.75,4,"C",FALSE,"7","arg","F","1"
"FrenchTexts/C/D_PLF_4_arg_F_C_3.txt",6.25,4,"D",FALSE,"4","arg","F","3"
"FrenchTexts/C/D_PLF_6_arg_F_C_2.txt",4.75,4,"D",FALSE,"6","arg","F","2"
"FrenchTexts/C/D_PLF_7_arg_F_C_1.txt",4,4,"D",FALSE,"7","arg","F","1"
"FrenchTexts/C/D_PLF_7_narr_F_C_2.txt",4,4,"D",FALSE,"7","narr","F","2"
"FrenchTexts/C/P_CF_10_narr_F_C_2.txt",6.75,4,"P",TRUE,"10","narr","F","2"
"FrenchTexts/C/P_CF_11_arg_F_C_3.txt",5,4,"P",TRUE,"11","arg","F","3"
"FrenchTexts/C/P_CF_13_narr_F_C_2.txt",5,4,"P",TRUE,"13","narr","F","2"
"FrenchTexts/C/P_CF_17_arg_F_C_2.txt",4,4,"P",TRUE,"17","arg","F","2"
"FrenchTexts/C/P_CF_17_narr_F_C_2.txt",5.75,4,"P",TRUE,"17","narr","F","2"
"FrenchTexts/C/P_CF_1_arg_F_C_3.txt",5.25,4,"P",TRUE,"1","arg","F","3"
"FrenchTexts/C/P_CF_3_arg_F_C_2.txt",5.5,4,"P",TRUE,"3","arg","F","2"
"FrenchTexts/C/P_CF_3_narr_F_C_3.txt",4.5,4,"P",TRUE,"3","narr","F","3"
"FrenchTexts/C/P_CF_4_arg_F_C_1.txt",4.25,4,"P",TRUE,"4","arg","F","1"
"FrenchTexts/C/Q_CF_17_arg_F_C_2.txt",4.25,4,"Q",TRUE,"17","arg","F","2"
"FrenchTexts/C/Q_CF_3_arg_F_C_1.txt",7.5,4,"Q",TRUE,"3","arg","F","1"
"FrenchTexts/C/Q_CF_3_narr_F_C_1.txt",6.5,4,"Q",TRUE,"3","narr","F","1"
"FrenchTexts/C/R_CF_16_narr_F_C_3.txt",5,4,"R",TRUE,"16","narr","F","3"
"FrenchTexts/C/R_CF_1_narr_F_C_3.txt",4.25,4,"R",TRUE,"1","narr","F","3"
"FrenchTexts/C/T_CF_19_narr_F_C_1.txt",4.5,4,"T",TRUE,"19","narr","F","1"
"FrenchTexts/C/T_CF_1_arg_F_C_3.txt",7.75,4,"T",TRUE,"1","arg","F","3"
"FrenchTexts/C/T_CF_7_arg_F_C_2.txt",5,4,"T",TRUE,"7","arg","F","2"
"FrenchTexts/C/W_CF_16_narr_F_C_2.txt",3.75,4,"W",TRUE,"16","narr","F","2"
"FrenchTexts/C/W_CF_19_arg_F_C_1.txt",5,4,"W",TRUE,"19","arg","F","1"
"FrenchTexts/C/W_CF_1_arg_F_C_1.txt",5.25,4,"W",TRUE,"1","arg","F","1"
"FrenchTexts/C/W_CF_3_narr_F_C_3.txt",6.75,4,"W",TRUE,"3","narr","F","3"
"FrenchTexts/C/Y_PNF_16_arg_F_C_1.txt",4.75,4,"Y",FALSE,"16","arg","F","1"
"FrenchTexts/C/Y_PNF_16_narr_F_C_1.txt",3.5,4,"Y",FALSE,"16","narr","F","1"
"FrenchTexts/C/Y_PNF_20_arg_F_C_2.txt",2.75,4,"Y",FALSE,"20","arg","F","2"
"FrenchTexts/C/Y_PNF_20_narr_F_C_3.txt",5,4,"Y",FALSE,"20","narr","F","3"
"FrenchTexts/C/Y_PNF_22_arg_F_C_1.txt",2,4,"Y",FALSE,"22","arg","F","1"
"FrenchTexts/C/Y_PNF_24_arg_F_C_3.txt",4,4,"Y",FALSE,"24","arg","F","3"
"FrenchTexts/C/Y_PNF_28_arg_F_C_3.txt",4.5,4,"Y",FALSE,"28","arg","F","3"
"FrenchTexts/C/Y_PNF_31_narr_F_C_3.txt",3.5,4,"Y",FALSE,"31","narr","F","3"
"FrenchTexts/C/Y_PNF_32_narr_F_C_1.txt",4.75,4,"Y",FALSE,"32","narr","F","1"
"FrenchTexts/C/Y_PNF_9_arg_F_C_3.txt",5,4,"Y",FALSE,"9","arg","F","3"
"FrenchTexts/C/Z_PLF_4_narr_F_C_3.txt",3.25,4,"Z",FALSE,"4","narr","F","3"
"FrenchTexts/D/AA_PLF_2_narr_F_C_2.txt",4.42857142857143,7,"AA",FALSE,"2","narr","F","2"
"FrenchTexts/D/AD_PLF_14_narr_F_C_1.txt",3.85714285714286,7,"AD",FALSE,"14","narr","F","1"
"FrenchTexts/D/AD_PLF_16_narr_F_C_1.txt",3.85714285714286,7,"AD",FALSE,"16","narr","F","1"
"FrenchTexts/D/AD_PLF_17_arg_F_C_1.txt",4.71428571428571,7,"AD",FALSE,"17","arg","F","1"
"FrenchTexts/D/AD_PLF_23_narr_F_C_1.txt",3,7,"AD",FALSE,"23","narr","F","1"
"FrenchTexts/D/AD_PLF_6_arg_F_C_2.txt",3.42857142857143,7,"AD",FALSE,"6","arg","F","2"
"FrenchTexts/D/AD_PLF_8_arg_F_C_1.txt",5.85714285714286,7,"AD",FALSE,"8","arg","F","1"
"FrenchTexts/D/AE_PLF_6_narr_F_C_3.txt",5.57142857142857,7,"AE",FALSE,"6","narr","F","3"
"FrenchTexts/D/A_PLF_16_arg_F_C_2.txt",5.71428571428571,7,"A",FALSE,"16","arg","F","2"
"FrenchTexts/D/A_PLF_17_arg_F_C_3.txt",4.42857142857143,7,"A",FALSE,"17","arg","F","3"
"FrenchTexts/D/A_PLF_6_arg_F_C_2.txt",5.71428571428571,7,"A",FALSE,"6","arg","F","2"
"FrenchTexts/D/C_PLF_1_arg_F_C_3.txt",5.71428571428571,7,"C",FALSE,"1","arg","F","3"
"FrenchTexts/D/C_PLF_30_arg_F_C_1.txt",5.57142857142857,7,"C",FALSE,"30","arg","F","1"
"FrenchTexts/D/C_PLF_32_arg_F_C_1.txt",4.14285714285714,7,"C",FALSE,"32","arg","F","1"
"FrenchTexts/D/D_PLF_2_arg_F_C_2.txt",5.71428571428571,7,"D",FALSE,"2","arg","F","2"
"FrenchTexts/D/D_PLF_2_arg_F_C_3.txt",6.28571428571429,7,"D",FALSE,"2","arg","F","3"
"FrenchTexts/D/D_PLF_2_narr_F_C_2.txt",5.14285714285714,7,"D",FALSE,"2","narr","F","2"
"FrenchTexts/D/D_PLF_5_narr_F_C_3.txt",2.85714285714286,7,"D",FALSE,"5","narr","F","3"
"FrenchTexts/D/P_CF_17_narr_F_C_3.txt",5.28571428571429,7,"P",TRUE,"17","narr","F","3"
"FrenchTexts/D/P_CF_6_arg_F_C_2.txt",5.28571428571429,7,"P",TRUE,"6","arg","F","2"
"FrenchTexts/D/P_CF_7_narr_F_C_2.txt",5.57142857142857,7,"P",TRUE,"7","narr","F","2"
"FrenchTexts/D/Q_CF_2_narr_F_C_1.txt",5,7,"Q",TRUE,"2","narr","F","1"
"FrenchTexts/D/Q_CF_6_arg_F_C_2.txt",4.28571428571429,7,"Q",TRUE,"6","arg","F","2"
"FrenchTexts/D/Q_CF_7_narr_F_C_3.txt",5.42857142857143,7,"Q",TRUE,"7","narr","F","3"
"FrenchTexts/D/Q_CF_8_arg_F_C_1.txt",5.71428571428571,7,"Q",TRUE,"8","arg","F","1"
"FrenchTexts/D/Q_CF_8_narr_F_C_1.txt",5,7,"Q",TRUE,"8","narr","F","1"
"FrenchTexts/D/R_CF_12_narr_F_C_3.txt",7.57142857142857,7,"R",TRUE,"12","narr","F","3"
"FrenchTexts/D/R_CF_14_arg_F_C_2.txt",3.71428571428571,7,"R",TRUE,"14","arg","F","2"
"FrenchTexts/D/R_CF_21_narr_F_C_3.txt",4.85714285714286,7,"R",TRUE,"21","narr","F","3"
"FrenchTexts/D/R_CF_4_narr_F_C_2.txt",4.85714285714286,7,"R",TRUE,"4","narr","F","2"
"FrenchTexts/D/T_CF_17_arg_F_C_3.txt",7.57142857142857,7,"T",TRUE,"17","arg","F","3"
"FrenchTexts/D/T_CF_20_arg_F_C_2.txt",6.28571428571429,7,"T",TRUE,"20","arg","F","2"
"FrenchTexts/D/T_CF_2_arg_F_C_3.txt",6.71428571428571,7,"T",TRUE,"2","arg","F","3"
"FrenchTexts/D/T_CF_3_arg_F_C_1.txt",5.14285714285714,7,"T",TRUE,"3","arg","F","1"
"FrenchTexts/D/T_CF_3_narr_F_C_1.txt",2.71428571428571,7,"T",TRUE,"3","narr","F","1"
"FrenchTexts/D/T_CF_6_arg_F_C_1.txt",6,7,"T",TRUE,"6","arg","F","1"
"FrenchTexts/D/W_CF_13_narr_F_C_2.txt",7.71428571428571,7,"W",TRUE,"13","narr","F","2"
"FrenchTexts/D/W_CF_17_arg_F_C_3.txt",6.28571428571429,7,"W",TRUE,"17","arg","F","3"
"FrenchTexts/D/Y_PNF_17_narr_F_C_2.txt",2.57142857142857,7,"Y",FALSE,"17","narr","F","2"
"FrenchTexts/D/Y_PNF_18_arg_F_C_2.txt",4.85714285714286,7,"Y",FALSE,"18","arg","F","2"
"FrenchTexts/D/Y_PNF_19_arg_F_C_2.txt",4.28571428571429,7,"Y",FALSE,"19","arg","F","2"
"FrenchTexts/D/Y_PNF_23_arg_F_C_1.txt",1.57142857142857,7,"Y",FALSE,"23","arg","F","1"
"FrenchTexts/D/Y_PNF_25_narr_F_C_3.txt",4.14285714285714,7,"Y",FALSE,"25","narr","F","3"
"FrenchTexts/D/Y_PNF_32_arg_F_C_3.txt",7,7,"Y",FALSE,"32","arg","F","3"
"FrenchTexts/D/Y_PNF_33_arg_F_C_3.txt",6.14285714285714,7,"Y",FALSE,"33","arg","F","3"
"FrenchTexts/D/Y_PNF_3_narr_F_C_1.txt",1.57142857142857,7,"Y",FALSE,"3","narr","F","1"
"FrenchTexts/D/Y_PNF_7_arg_F_C_1.txt",6.14285714285714,7,"Y",FALSE,"7","arg","F","1"
"FrenchTexts/D/Y_PNF_7_narr_F_C_2.txt",4.42857142857143,7,"Y",FALSE,"7","narr","F","2"
"FrenchTexts/D/Y_PNF_7_narr_F_C_3.txt",6.85714285714286,7,"Y",FALSE,"7","narr","F","3"
"FrenchTexts/D/Z_PLF_7_narr_F_C_3.txt",4.57142857142857,7,"Z",FALSE,"7","narr","F","3"
"FrenchTexts/E/AA_PLF_9_narr_F_C_2.txt",6.44444444444444,9,"AA",FALSE,"9","narr","F","2"
"FrenchTexts/E/AD_PLF_12_arg_F_C_2.txt",4.88888888888889,9,"AD",FALSE,"12","arg","F","2"
"FrenchTexts/E/AD_PLF_21_arg_F_C_2.txt",3.66666666666667,9,"AD",FALSE,"21","arg","F","2"
"FrenchTexts/E/AD_PLF_21_narr_F_C_3.txt",5.55555555555556,9,"AD",FALSE,"21","narr","F","3"
"FrenchTexts/E/AD_PLF_2_arg_F_C_1.txt",5.11111111111111,9,"AD",FALSE,"2","arg","F","1"
"FrenchTexts/E/AD_PLF_5_arg_F_C_2.txt",5.44444444444444,9,"AD",FALSE,"5","arg","F","2"
"FrenchTexts/E/AD_PLF_5_narr_F_C_1.txt",3.77777777777778,9,"AD",FALSE,"5","narr","F","1"
"FrenchTexts/E/AD_PLF_5_narr_F_C_3.txt",5.33333333333333,9,"AD",FALSE,"5","narr","F","3"
"FrenchTexts/E/AD_PLF_8_arg_F_C_3.txt",6.11111111111111,9,"AD",FALSE,"8","arg","F","3"
"FrenchTexts/E/AE_PLF_4_arg_F_C_1.txt",5.55555555555556,9,"AE",FALSE,"4","arg","F","1"
"FrenchTexts/E/AE_PLF_4_arg_F_C_3.txt",3.11111111111111,9,"AE",FALSE,"4","arg","F","3"
"FrenchTexts/E/A_PLF_10_narr_F_C_2.txt",2.44444444444444,9,"A",FALSE,"10","narr","F","2"
"FrenchTexts/E/A_PLF_12_arg_F_C_2.txt",5.44444444444444,9,"A",FALSE,"12","arg","F","2"
"FrenchTexts/E/A_PLF_12_narr_F_C_3.txt",7.11111111111111,9,"A",FALSE,"12","narr","F","3"
"FrenchTexts/E/A_PLF_15_narr_F_C_1.txt",3.33333333333333,9,"A",FALSE,"15","narr","F","1"
"FrenchTexts/E/A_PLF_19_narr_F_C_3.txt",6.55555555555556,9,"A",FALSE,"19","narr","F","3"
"FrenchTexts/E/A_PLF_3_narr_F_C_2.txt",5,9,"A",FALSE,"3","narr","F","2"
"FrenchTexts/E/A_PLF_7_narr_F_C_1.txt",5.33333333333333,9,"A",FALSE,"7","narr","F","1"
"FrenchTexts/E/C_PLF_7_arg_F_C_3.txt",7,9,"C",FALSE,"7","arg","F","3"
"FrenchTexts/E/D_PLF_4_arg_F_C_1.txt",5.875,8,"D",FALSE,"4","arg","F","1"
"FrenchTexts/E/D_PLF_7_narr_F_C_1.txt",3.22222222222222,9,"D",FALSE,"7","narr","F","1"
"FrenchTexts/E/D_PLF_8_arg_F_C_2.txt",4.88888888888889,9,"D",FALSE,"8","arg","F","2"
"FrenchTexts/E/P_CF_2_arg_F_C_3.txt",6.875,8,"P",TRUE,"2","arg","F","3"
"FrenchTexts/E/P_CF_9_arg_F_C_2.txt",8.33333333333333,9,"P",TRUE,"9","arg","F","2"
"FrenchTexts/E/P_CF_9_narr_F_C_3.txt",7.66666666666667,9,"P",TRUE,"9","narr","F","3"
"FrenchTexts/E/Q_CF_11_arg_F_C_3.txt",6.88888888888889,9,"Q",TRUE,"11","arg","F","3"
"FrenchTexts/E/Q_CF_14_arg_F_C_1.txt",6.77777777777778,9,"Q",TRUE,"14","arg","F","1"
"FrenchTexts/E/Q_CF_2_narr_F_C_2.txt",4.77777777777778,9,"Q",TRUE,"2","narr","F","2"
"FrenchTexts/E/Q_CF_8_arg_F_C_2.txt",6.44444444444444,9,"Q",TRUE,"8","arg","F","2"
"FrenchTexts/E/Q_CF_8_narr_F_C_2.txt",5.11111111111111,9,"Q",TRUE,"8","narr","F","2"
"FrenchTexts/E/R_CF_14_narr_F_C_1.txt",2.77777777777778,9,"R",TRUE,"14","narr","F","1"
"FrenchTexts/E/R_CF_20_arg_F_C_2.txt",3.55555555555556,9,"R",TRUE,"20","arg","F","2"
"FrenchTexts/E/R_CF_6_narr_F_C_3.txt",6,9,"R",TRUE,"6","narr","F","3"
"FrenchTexts/E/R_CF_8_narr_F_C_1.txt",3.55555555555556,9,"R",TRUE,"8","narr","F","1"
"FrenchTexts/E/T_CF_11_arg_F_C_2.txt",3,9,"T",TRUE,"11","arg","F","2"
"FrenchTexts/E/T_CF_11_arg_F_C_3.txt",4,9,"T",TRUE,"11","arg","F","3"
"FrenchTexts/E/T_CF_11_narr_F_C_2.txt",4.77777777777778,9,"T",TRUE,"11","narr","F","2"
"FrenchTexts/E/T_CF_11_narr_F_C_3.txt",5.66666666666667,9,"T",TRUE,"11","narr","F","3"
"FrenchTexts/E/T_CF_13_arg_F_C_1.txt",4.11111111111111,9,"T",TRUE,"13","arg","F","1"
"FrenchTexts/E/T_CF_3_narr_F_C_3.txt",5.33333333333333,9,"T",TRUE,"3","narr","F","3"
"FrenchTexts/E/T_CF_9_narr_F_C_3.txt",6.22222222222222,9,"T",TRUE,"9","narr","F","3"
"FrenchTexts/E/W_CF_20_arg_F_C_1.txt",2.77777777777778,9,"W",TRUE,"20","arg","F","1"
"FrenchTexts/E/W_CF_5_arg_F_C_3.txt",6.11111111111111,9,"W",TRUE,"5","arg","F","3"
"FrenchTexts/E/Y_PNF_26_arg_F_C_3.txt",6.88888888888889,9,"Y",FALSE,"26","arg","F","3"
"FrenchTexts/E/Y_PNF_33_narr_F_C_2.txt",5.22222222222222,9,"Y",FALSE,"33","narr","F","2"
"FrenchTexts/E/Y_PNF_34_arg_F_C_3.txt",4.77777777777778,9,"Y",FALSE,"34","arg","F","3"
"FrenchTexts/E/Y_PNF_36_narr_F_C_3.txt",6.44444444444444,9,"Y",FALSE,"36","narr","F","3"
"FrenchTexts/E/Y_PNF_3_arg_F_C_1.txt",4.11111111111111,9,"Y",FALSE,"3","arg","F","1"
"FrenchTexts/E/Y_PNF_6_narr_F_C_2.txt",4.77777777777778,9,"Y",FALSE,"6","narr","F","2"
"FrenchTexts/E/Z_PLF_4_arg_F_C_1.txt",4.66666666666667,9,"Z",FALSE,"4","arg","F","1"
"FrenchTexts/F/AA_PLF_3_arg_F_C_1.txt",5.57142857142857,7,"AA",FALSE,"3","arg","F","1"
"FrenchTexts/F/AA_PLF_9_arg_F_C_2.txt",5.85714285714286,7,"AA",FALSE,"9","arg","F","2"
"FrenchTexts/F/AD_PLF_11_arg_F_C_3.txt",6.28571428571429,7,"AD",FALSE,"11","arg","F","3"
"FrenchTexts/F/AD_PLF_14_arg_F_C_3.txt",4.42857142857143,7,"AD",FALSE,"14","arg","F","3"
"FrenchTexts/F/AD_PLF_18_narr_F_C_3.txt",5.28571428571429,7,"AD",FALSE,"18","narr","F","3"
"FrenchTexts/F/AD_PLF_22_narr_F_C_1.txt",6.42857142857143,7,"AD",FALSE,"22","narr","F","1"
"FrenchTexts/F/AD_PLF_4_arg_F_C_3.txt",5.71428571428571,7,"AD",FALSE,"4","arg","F","3"
"FrenchTexts/F/AD_PLF_4_narr_F_C_2.txt",5.42857142857143,7,"AD",FALSE,"4","narr","F","2"
"FrenchTexts/F/AD_PLF_5_arg_F_C_1.txt",5.85714285714286,7,"AD",FALSE,"5","arg","F","1"
"FrenchTexts/F/AD_PLF_6_arg_F_C_3.txt",6.57142857142857,7,"AD",FALSE,"6","arg","F","3"
"FrenchTexts/F/AD_PLF_6_narr_F_C_2.txt",6.85714285714286,7,"AD",FALSE,"6","narr","F","2"
"FrenchTexts/F/A_PLF_11_narr_F_C_2.txt",2.85714285714286,7,"A",FALSE,"11","narr","F","2"
"FrenchTexts/F/A_PLF_14_narr_F_C_3.txt",4.71428571428571,7,"A",FALSE,"14","narr","F","3"
"FrenchTexts/F/A_PLF_17_arg_F_C_2.txt",5.71428571428571,7,"A",FALSE,"17","arg","F","2"
"FrenchTexts/F/A_PLF_2_arg_F_C_2.txt",5,6,"A",FALSE,"2","arg","F","2"
"FrenchTexts/F/A_PLF_2_narr_F_C_3.txt",5.57142857142857,7,"A",FALSE,"2","narr","F","3"
"FrenchTexts/F/A_PLF_3_arg_F_C_2.txt",7.14285714285714,7,"A",FALSE,"3","arg","F","2"
"FrenchTexts/F/A_PLF_3_arg_F_C_3.txt",5,7,"A",FALSE,"3","arg","F","3"
"FrenchTexts/F/A_PLF_4_narr_F_C_3.txt",3.71428571428571,7,"A",FALSE,"4","narr","F","3"
"FrenchTexts/F/C_PLF_19_narr_F_C_1.txt",6.42857142857143,7,"C",FALSE,"19","narr","F","1"
"FrenchTexts/F/C_PLF_31_arg_F_C_1.txt",5.28571428571429,7,"C",FALSE,"31","arg","F","1"
"FrenchTexts/F/D_PLF_3_arg_F_C_2.txt",5.28571428571429,7,"D",FALSE,"3","arg","F","2"
"FrenchTexts/F/D_PLF_7_narr_F_C_3.txt",4.85714285714286,7,"D",FALSE,"7","narr","F","3"
"FrenchTexts/F/P_CF_2_arg_F_C_2.txt",3.42857142857143,7,"P",TRUE,"2","arg","F","2"
"FrenchTexts/F/Q_CF_10_arg_F_C_1.txt",4.57142857142857,7,"Q",TRUE,"10","arg","F","1"
"FrenchTexts/F/Q_CF_14_narr_F_C_1.txt",4.85714285714286,7,"Q",TRUE,"14","narr","F","1"
"FrenchTexts/F/Q_CF_17_arg_F_C_1.txt",4.71428571428571,7,"Q",TRUE,"17","arg","F","1"
"FrenchTexts/F/Q_CF_2_arg_F_C_3.txt",6.71428571428571,7,"Q",TRUE,"2","arg","F","3"
"FrenchTexts/F/Q_CF_8_narr_F_C_3.txt",6.14285714285714,7,"Q",TRUE,"8","narr","F","3"
"FrenchTexts/F/Q_CF_9_narr_F_C_1.txt",6,7,"Q",TRUE,"9","narr","F","1"
"FrenchTexts/F/R_CF_14_narr_F_C_3.txt",6.42857142857143,7,"R",TRUE,"14","narr","F","3"
"FrenchTexts/F/R_CF_16_arg_F_C_1.txt",4.71428571428571,7,"R",TRUE,"16","arg","F","1"
"FrenchTexts/F/R_CF_17_narr_F_C_3.txt",6.71428571428571,7,"R",TRUE,"17","narr","F","3"
"FrenchTexts/F/R_CF_2_arg_F_C_3.txt",4.42857142857143,7,"R",TRUE,"2","arg","F","3"
"FrenchTexts/F/T_CF_19_arg_F_C_1.txt",5.28571428571429,7,"T",TRUE,"19","arg","F","1"
"FrenchTexts/F/T_CF_2_arg_F_C_2.txt",6.42857142857143,7,"T",TRUE,"2","arg","F","2"
"FrenchTexts/F/T_CF_6_narr_F_C_2.txt",5.57142857142857,7,"T",TRUE,"6","narr","F","2"
"FrenchTexts/F/W_CF_12_arg_F_C_3.txt",7.28571428571429,7,"W",TRUE,"12","arg","F","3"
"FrenchTexts/F/W_CF_13_arg_F_C_3.txt",8.28571428571429,7,"W",TRUE,"13","arg","F","3"
"FrenchTexts/F/W_CF_17_narr_F_C_2.txt",4.71428571428571,7,"W",TRUE,"17","narr","F","2"
"FrenchTexts/F/W_CF_22_arg_F_C_2.txt",7.28571428571429,7,"W",TRUE,"22","arg","F","2"
"FrenchTexts/F/W_CF_4_arg_F_C_2.txt",6,7,"W",TRUE,"4","arg","F","2"
"FrenchTexts/F/W_CF_4_narr_F_C_2.txt",4.71428571428571,7,"W",TRUE,"4","narr","F","2"
"FrenchTexts/F/Y_PNF_11_narr_F_C_1.txt",5.14285714285714,7,"Y",FALSE,"11","narr","F","1"
"FrenchTexts/F/Y_PNF_19_narr_F_C_2.txt",6.57142857142857,7,"Y",FALSE,"19","narr","F","2"
"FrenchTexts/F/Y_PNF_20_arg_F_C_1.txt",3.42857142857143,7,"Y",FALSE,"20","arg","F","1"
"FrenchTexts/F/Y_PNF_3_narr_F_C_2.txt",6.28571428571429,7,"Y",FALSE,"3","narr","F","2"
"FrenchTexts/F/Y_PNF_7_arg_F_C_2.txt",5.85714285714286,7,"Y",FALSE,"7","arg","F","2"
"FrenchTexts/F/Z_PLF_1_arg_F_C_1.txt",7.28571428571429,7,"Z",FALSE,"1","arg","F","1"
"FrenchTexts/F/Z_PLF_2_narr_F_C_1.txt",5.14285714285714,7,"Z",FALSE,"2","narr","F","1"
"FrenchTexts/G/AA_PLF_13_arg_F_C_3.txt",6.88888888888889,9,"AA",FALSE,"13","arg","F","3"
"FrenchTexts/G/AD_PLF_13_narr_F_C_3.txt",6.33333333333333,9,"AD",FALSE,"13","narr","F","3"
"FrenchTexts/G/AD_PLF_22_narr_F_C_3.txt",5.66666666666667,9,"AD",FALSE,"22","narr","F","3"
"FrenchTexts/G/AD_PLF_25_arg_F_C_2.txt",6,9,"AD",FALSE,"25","arg","F","2"
"FrenchTexts/G/AD_PLF_25_narr_F_C_3.txt",7.88888888888889,9,"AD",FALSE,"25","narr","F","3"
"FrenchTexts/G/AD_PLF_6_arg_F_C_1.txt",4.77777777777778,9,"AD",FALSE,"6","arg","F","1"
"FrenchTexts/G/A_PLF_12_narr_F_C_2.txt",6.22222222222222,9,"A",FALSE,"12","narr","F","2"
"FrenchTexts/G/A_PLF_17_narr_F_C_2.txt",4.44444444444444,9,"A",FALSE,"17","narr","F","2"
"FrenchTexts/G/A_PLF_5_arg_F_C_1.txt",2.77777777777778,9,"A",FALSE,"5","arg","F","1"
"FrenchTexts/G/A_PLF_5_narr_F_C_2.txt",6,9,"A",FALSE,"5","narr","F","2"
"FrenchTexts/G/A_PLF_7_arg_F_C_3.txt",6,9,"A",FALSE,"7","arg","F","3"
"FrenchTexts/G/C_PLF_30_arg_F_C_3.txt",6.77777777777778,9,"C",FALSE,"30","arg","F","3"
"FrenchTexts/G/D_PLF_6_narr_F_C_1.txt",2.77777777777778,9,"D",FALSE,"6","narr","F","1"
"FrenchTexts/G/P_CF_11_narr_F_C_3.txt",7.11111111111111,9,"P",TRUE,"11","narr","F","3"
"FrenchTexts/G/P_CF_2_narr_F_C_3.txt",5.55555555555556,9,"P",TRUE,"2","narr","F","3"
"FrenchTexts/G/P_CF_4_arg_F_C_3.txt",5.22222222222222,9,"P",TRUE,"4","arg","F","3"
"FrenchTexts/G/P_CF_5_narr_F_C_2.txt",4.66666666666667,9,"P",TRUE,"5","narr","F","2"
"FrenchTexts/G/Q_CF_10_arg_F_C_2.txt",5.44444444444444,9,"Q",TRUE,"10","arg","F","2"
"FrenchTexts/G/Q_CF_10_narr_F_C_3.txt",6.55555555555556,9,"Q",TRUE,"10","narr","F","3"
"FrenchTexts/G/Q_CF_11_narr_F_C_1.txt",3.77777777777778,9,"Q",TRUE,"11","narr","F","1"
"FrenchTexts/G/R_CF_13_arg_F_C_2.txt",3.33333333333333,9,"R",TRUE,"13","arg","F","2"
"FrenchTexts/G/R_CF_7_arg_F_C_1.txt",6,9,"R",TRUE,"7","arg","F","1"
"FrenchTexts/G/T_CF_15_arg_F_C_2.txt",5.88888888888889,9,"T",TRUE,"15","arg","F","2"
"FrenchTexts/G/T_CF_15_arg_F_C_3.txt",8.22222222222222,9,"T",TRUE,"15","arg","F","3"
"FrenchTexts/G/T_CF_17_narr_F_C_2.txt",7.44444444444444,9,"T",TRUE,"17","narr","F","2"
"FrenchTexts/G/T_CF_19_arg_F_C_2.txt",6,9,"T",TRUE,"19","arg","F","2"
"FrenchTexts/G/T_CF_8_arg_F_C_1.txt",4.55555555555556,9,"T",TRUE,"8","arg","F","1"
"FrenchTexts/G/T_CF_9_arg_F_C_3.txt",7.44444444444444,9,"T",TRUE,"9","arg","F","3"
"FrenchTexts/G/W_CF_15_arg_F_C_1.txt",6.11111111111111,9,"W",TRUE,"15","arg","F","1"
"FrenchTexts/G/W_CF_1_narr_F_C_2.txt",8.22222222222222,9,"W",TRUE,"1","narr","F","2"
"FrenchTexts/G/W_CF_22_arg_F_C_3.txt",6.77777777777778,9,"W",TRUE,"22","arg","F","3"
"FrenchTexts/G/W_CF_22_narr_F_C_2.txt",4.77777777777778,9,"W",TRUE,"22","narr","F","2"
"FrenchTexts/G/W_CF_4_narr_F_C_1.txt",4.22222222222222,9,"W",TRUE,"4","narr","F","1"
"FrenchTexts/G/Y_PNF_14_narr_F_C_3.txt",4,9,"Y",FALSE,"14","narr","F","3"
"FrenchTexts/G/Y_PNF_16_arg_F_C_2.txt",4.55555555555556,9,"Y",FALSE,"16","arg","F","2"
"FrenchTexts/G/Y_PNF_17_arg_F_C_1.txt",3.44444444444444,9,"Y",FALSE,"17","arg","F","1"
"FrenchTexts/G/Y_PNF_1_arg_F_C_2.txt",5.77777777777778,9,"Y",FALSE,"1","arg","F","2"
"FrenchTexts/G/Y_PNF_25_narr_F_C_1.txt",5.22222222222222,9,"Y",FALSE,"25","narr","F","1"
"FrenchTexts/G/Y_PNF_29_narr_F_C_3.txt",4.55555555555556,9,"Y",FALSE,"29","narr","F","3"
"FrenchTexts/G/Y_PNF_31_narr_F_C_2.txt",3.55555555555556,9,"Y",FALSE,"31","narr","F","2"
"FrenchTexts/G/Y_PNF_32_arg_F_C_1.txt",3.11111111111111,9,"Y",FALSE,"32","arg","F","1"
"FrenchTexts/G/Y_PNF_34_narr_F_C_1.txt",3.44444444444444,9,"Y",FALSE,"34","narr","F","1"
"FrenchTexts/G/Y_PNF_34_narr_F_C_2.txt",3.66666666666667,9,"Y",FALSE,"34","narr","F","2"
"FrenchTexts/G/Y_PNF_3_arg_F_C_2.txt",5.66666666666667,9,"Y",FALSE,"3","arg","F","2"
"FrenchTexts/G/Y_PNF_4_arg_F_C_1.txt",3.77777777777778,9,"Y",FALSE,"4","arg","F","1"
"FrenchTexts/G/Y_PNF_4_narr_F_C_1.txt",4.88888888888889,9,"Y",FALSE,"4","narr","F","1"
"FrenchTexts/G/Y_PNF_8_arg_F_C_3.txt",5.44444444444444,9,"Y",FALSE,"8","arg","F","3"
"FrenchTexts/G/Z_PLF_2_arg_F_C_1.txt",2.88888888888889,9,"Z",FALSE,"2","arg","F","1"
"FrenchTexts/G/Z_PLF_2_arg_F_C_3.txt",7,9,"Z",FALSE,"2","arg","F","3"
"FrenchTexts/G/Z_PLF_4_arg_F_C_2.txt",3.88888888888889,9,"Z",FALSE,"4","arg","F","2"
"FrenchTexts/H/AA_PLF_10_arg_F_C_2.txt",3.85714285714286,7,"AA",FALSE,"10","arg","F","2"
"FrenchTexts/H/AA_PLF_11_arg_F_C_1.txt",4.14285714285714,7,"AA",FALSE,"11","arg","F","1"
"FrenchTexts/H/AA_PLF_12_arg_F_C_1.txt",3.28571428571429,7,"AA",FALSE,"12","arg","F","1"
"FrenchTexts/H/AA_PLF_6_narr_F_C_2.txt",4.28571428571429,7,"AA",FALSE,"6","narr","F","2"
"FrenchTexts/H/AA_PLF_8_narr_F_C_1.txt",3.57142857142857,7,"AA",FALSE,"8","narr","F","1"
"FrenchTexts/H/AD_PLF_14_arg_F_C_1.txt",3.71428571428571,7,"AD",FALSE,"14","arg","F","1"
"FrenchTexts/H/AD_PLF_16_arg_F_C_2.txt",3.85714285714286,7,"AD",FALSE,"16","arg","F","2"
"FrenchTexts/H/AD_PLF_17_arg_F_C_2.txt",2.85714285714286,7,"AD",FALSE,"17","arg","F","2"
"FrenchTexts/H/AD_PLF_8_narr_F_C_1.txt",3.85714285714286,7,"AD",FALSE,"8","narr","F","1"
"FrenchTexts/H/AE_PLF_6_narr_F_C_1.txt",3.71428571428571,7,"AE",FALSE,"6","narr","F","1"
"FrenchTexts/H/A_PLF_17_narr_F_C_1.txt",2.85714285714286,7,"A",FALSE,"17","narr","F","1"
"FrenchTexts/H/A_PLF_9_arg_F_C_1.txt",5.57142857142857,7,"A",FALSE,"9","arg","F","1"
"FrenchTexts/H/C_PLF_30_arg_F_C_2.txt",5.57142857142857,7,"C",FALSE,"30","arg","F","2"
"FrenchTexts/H/D_PLF_2_narr_F_C_1.txt",3.28571428571429,7,"D",FALSE,"2","narr","F","1"
"FrenchTexts/H/D_PLF_5_narr_F_C_2.txt",3.28571428571429,7,"D",FALSE,"5","narr","F","2"
"FrenchTexts/H/P_CF_12_narr_F_C_3.txt",5.57142857142857,7,"P",TRUE,"12","narr","F","3"
"FrenchTexts/H/P_CF_14_arg_F_C_3.txt",5.85714285714286,7,"P",TRUE,"14","arg","F","3"
"FrenchTexts/H/P_CF_16_arg_F_C_3.txt",4.85714285714286,7,"P",TRUE,"16","arg","F","3"
"FrenchTexts/H/P_CF_5_arg_F_C_1.txt",5.42857142857143,7,"P",TRUE,"5","arg","F","1"
"FrenchTexts/H/Q_CF_3_narr_F_C_2.txt",5.42857142857143,7,"Q",TRUE,"3","narr","F","2"
"FrenchTexts/H/Q_CF_6_arg_F_C_1.txt",5.14285714285714,7,"Q",TRUE,"6","arg","F","1"
"FrenchTexts/H/Q_CF_6_narr_F_C_3.txt",4.71428571428571,7,"Q",TRUE,"6","narr","F","3"
"FrenchTexts/H/R_CF_11_narr_F_C_1.txt",3.42857142857143,7,"R",TRUE,"11","narr","F","1"
"FrenchTexts/H/R_CF_3_arg_F_C_2.txt",4.42857142857143,7,"R",TRUE,"3","arg","F","2"
"FrenchTexts/H/R_CF_5_narr_F_C_3.txt",5.28571428571429,7,"R",TRUE,"5","narr","F","3"
"FrenchTexts/H/T_CF_17_arg_F_C_1.txt",6.14285714285714,7,"T",TRUE,"17","arg","F","1"
"FrenchTexts/H/T_CF_1_arg_F_C_2.txt",6,7,"T",TRUE,"1","arg","F","2"
"FrenchTexts/H/T_CF_2_narr_F_C_2.txt",4.57142857142857,7,"T",TRUE,"2","narr","F","2"
"FrenchTexts/H/T_CF_9_narr_F_C_1.txt",3.85714285714286,7,"T",TRUE,"9","narr","F","1"
"FrenchTexts/H/W_CF_11_arg_F_C_3.txt",5,7,"W",TRUE,"11","arg","F","3"
"FrenchTexts/H/W_CF_15_arg_F_C_2.txt",6.28571428571429,7,"W",TRUE,"15","arg","F","2"
"FrenchTexts/H/W_CF_3_arg_F_C_2.txt",6.85714285714286,7,"W",TRUE,"3","arg","F","2"
"FrenchTexts/H/W_CF_3_arg_F_C_3.txt",6.28571428571429,7,"W",TRUE,"3","arg","F","3"
"FrenchTexts/H/W_CF_5_narr_F_C_2.txt",3.71428571428571,7,"W",TRUE,"5","narr","F","2"
"FrenchTexts/H/W_CF_8_arg_F_C_3.txt",6.28571428571429,7,"W",TRUE,"8","arg","F","3"
"FrenchTexts/H/Y_PNF_12_arg_F_C_1.txt",4,7,"Y",FALSE,"12","arg","F","1"
"FrenchTexts/H/Y_PNF_12_narr_F_C_3.txt",5.71428571428571,7,"Y",FALSE,"12","narr","F","3"
"FrenchTexts/H/Y_PNF_15_narr_F_C_2.txt",6,7,"Y",FALSE,"15","narr","F","2"
"FrenchTexts/H/Y_PNF_16_arg_F_C_3.txt",4.28571428571429,7,"Y",FALSE,"16","arg","F","3"
"FrenchTexts/H/Y_PNF_23_narr_F_C_2.txt",3.42857142857143,7,"Y",FALSE,"23","narr","F","2"
"FrenchTexts/H/Y_PNF_24_narr_F_C_3.txt",6.28571428571429,7,"Y",FALSE,"24","narr","F","3"
"FrenchTexts/H/Y_PNF_25_arg_F_C_3.txt",3.85714285714286,7,"Y",FALSE,"25","arg","F","3"
"FrenchTexts/H/Y_PNF_26_narr_F_C_2.txt",4.42857142857143,7,"Y",FALSE,"26","narr","F","2"
"FrenchTexts/H/Y_PNF_26_narr_F_C_3.txt",3.85714285714286,7,"Y",FALSE,"26","narr","F","3"
"FrenchTexts/H/Y_PNF_36_arg_F_C_3.txt",6.28571428571429,7,"Y",FALSE,"36","arg","F","3"
"FrenchTexts/H/Y_PNF_4_narr_F_C_3.txt",3.57142857142857,7,"Y",FALSE,"4","narr","F","3"
"FrenchTexts/H/Y_PNF_7_arg_F_C_3.txt",5.14285714285714,7,"Y",FALSE,"7","arg","F","3"
"FrenchTexts/H/Z_PLF_3_arg_F_C_3.txt",3.71428571428571,7,"Z",FALSE,"3","arg","F","3"
"FrenchTexts/H/Z_PLF_3_narr_F_C_3.txt",4.42857142857143,7,"Z",FALSE,"3","narr","F","3"
"FrenchTexts/H/Z_PLF_5_arg_F_C_2.txt",3.71428571428571,7,"Z",FALSE,"5","arg","F","2"
"FrenchTexts/I/AA_PLF_11_narr_F_C_3.txt",5,9,"AA",FALSE,"11","narr","F","3"
"FrenchTexts/I/AA_PLF_12_narr_F_C_3.txt",6.33333333333333,9,"AA",FALSE,"12","narr","F","3"
"FrenchTexts/I/AA_PLF_1_arg_F_C_1.txt",3.55555555555556,9,"AA",FALSE,"1","arg","F","1"
"FrenchTexts/I/AA_PLF_5_narr_F_C_1.txt",2.22222222222222,9,"AA",FALSE,"5","narr","F","1"
"FrenchTexts/I/AA_PLF_7_narr_F_C_3.txt",6.33333333333333,9,"AA",FALSE,"7","narr","F","3"
"FrenchTexts/I/AA_PLF_8_arg_F_C_3.txt",4.44444444444444,9,"AA",FALSE,"8","arg","F","3"
"FrenchTexts/I/AD_PLF_15_arg_F_C_2.txt",4.44444444444444,9,"AD",FALSE,"15","arg","F","2"
"FrenchTexts/I/AD_PLF_20_arg_F_C_1.txt",4.44444444444444,9,"AD",FALSE,"20","arg","F","1"
"FrenchTexts/I/AD_PLF_26_arg_F_C_2.txt",5.44444444444444,9,"AD",FALSE,"26","arg","F","2"
"FrenchTexts/I/AD_PLF_8_narr_F_C_3.txt",6.77777777777778,9,"AD",FALSE,"8","narr","F","3"
"FrenchTexts/I/A_PLF_10_arg_F_C_3.txt",4.11111111111111,9,"A",FALSE,"10","arg","F","3"
"FrenchTexts/I/A_PLF_13_arg_F_C_2.txt",5.22222222222222,9,"A",FALSE,"13","arg","F","2"
"FrenchTexts/I/A_PLF_19_arg_F_C_1.txt",5.125,8,"A",FALSE,"19","arg","F","1"
"FrenchTexts/I/A_PLF_6_arg_F_C_1.txt",4.44444444444444,9,"A",FALSE,"6","arg","F","1"
"FrenchTexts/I/A_PLF_8_arg_F_C_3.txt",6.55555555555556,9,"A",FALSE,"8","arg","F","3"
"FrenchTexts/I/C_PLF_16_arg_F_C_2.txt",8,9,"C",FALSE,"16","arg","F","2"
"FrenchTexts/I/D_PLF_3_narr_F_C_2.txt",4.66666666666667,9,"D",FALSE,"3","narr","F","2"
"FrenchTexts/I/D_PLF_4_narr_F_C_2.txt",4.55555555555556,9,"D",FALSE,"4","narr","F","2"
"FrenchTexts/I/D_PLF_7_arg_F_C_3.txt",4.44444444444444,9,"D",FALSE,"7","arg","F","3"
"FrenchTexts/I/P_CF_12_narr_F_C_2.txt",5.55555555555556,9,"P",TRUE,"12","narr","F","2"
"FrenchTexts/I/P_CF_14_arg_F_C_2.txt",5,9,"P",TRUE,"14","arg","F","2"
"FrenchTexts/I/P_CF_19_narr_F_C_3.txt",8.22222222222222,9,"P",TRUE,"19","narr","F","3"
"FrenchTexts/I/P_CF_1_arg_F_C_2.txt",5.66666666666667,9,"P",TRUE,"1","arg","F","2"
"FrenchTexts/I/P_CF_1_narr_F_C_2.txt",5.33333333333333,9,"P",TRUE,"1","narr","F","2"
"FrenchTexts/I/P_CF_2_narr_F_C_2.txt",5.55555555555556,9,"P",TRUE,"2","narr","F","2"
"FrenchTexts/I/P_CF_3_arg_F_C_3.txt",6.44444444444444,9,"P",TRUE,"3","arg","F","3"
"FrenchTexts/I/P_CF_6_arg_F_C_1.txt",4.11111111111111,9,"P",TRUE,"6","arg","F","1"
"FrenchTexts/I/P_CF_6_narr_F_C_2.txt",4.55555555555556,9,"P",TRUE,"6","narr","F","2"
"FrenchTexts/I/P_CF_8_narr_F_C_3.txt",5.44444444444444,9,"P",TRUE,"8","narr","F","3"
"FrenchTexts/I/Q_CF_15_narr_F_C_3.txt",6.22222222222222,9,"Q",TRUE,"15","narr","F","3"
"FrenchTexts/I/Q_CF_5_narr_F_C_3.txt",6.66666666666667,9,"Q",TRUE,"5","narr","F","3"
"FrenchTexts/I/R_CF_13_arg_F_C_3.txt",5.11111111111111,9,"R",TRUE,"13","arg","F","3"
"FrenchTexts/I/R_CF_15_arg_F_C_3.txt",8.33333333333333,9,"R",TRUE,"15","arg","F","3"
"FrenchTexts/I/R_CF_9_arg_F_C_2.txt",5,9,"R",TRUE,"9","arg","F","2"
"FrenchTexts/I/R_CF_9_narr_F_C_1.txt",4.77777777777778,9,"R",TRUE,"9","narr","F","1"
"FrenchTexts/I/T_CF_11_narr_F_C_1.txt",4.33333333333333,9,"T",TRUE,"11","narr","F","1"
"FrenchTexts/I/T_CF_20_arg_F_C_1.txt",4.77777777777778,9,"T",TRUE,"20","arg","F","1"
"FrenchTexts/I/T_CF_9_arg_F_C_2.txt",5.11111111111111,9,"T",TRUE,"9","arg","F","2"
"FrenchTexts/I/W_CF_11_arg_F_C_1.txt",4,9,"W",TRUE,"11","arg","F","1"
"FrenchTexts/I/W_CF_14_narr_F_C_3.txt",6.22222222222222,9,"W",TRUE,"14","narr","F","3"
"FrenchTexts/I/Y_PNF_14_arg_F_C_1.txt",5.88888888888889,9,"Y",FALSE,"14","arg","F","1"
"FrenchTexts/I/Y_PNF_18_narr_F_C_2.txt",6.11111111111111,9,"Y",FALSE,"18","narr","F","2"
"FrenchTexts/I/Y_PNF_1_narr_F_C_2.txt",6,9,"Y",FALSE,"1","narr","F","2"
"FrenchTexts/I/Y_PNF_2_narr_F_C_2.txt",6.77777777777778,9,"Y",FALSE,"2","narr","F","2"
"FrenchTexts/I/Y_PNF_30_narr_F_C_1.txt",4.22222222222222,9,"Y",FALSE,"30","narr","F","1"
"FrenchTexts/I/Y_PNF_31_arg_F_C_2.txt",3.11111111111111,9,"Y",FALSE,"31","arg","F","2"
"FrenchTexts/I/Y_PNF_31_narr_F_C_1.txt",3.11111111111111,9,"Y",FALSE,"31","narr","F","1"
"FrenchTexts/I/Y_PNF_34_narr_F_C_3.txt",6.33333333333333,9,"Y",FALSE,"34","narr","F","3"
"FrenchTexts/I/Y_PNF_5_arg_F_C_3.txt",5.88888888888889,9,"Y",FALSE,"5","arg","F","3"
"FrenchTexts/I/Y_PNF_9_narr_F_C_1.txt",6.33333333333333,9,"Y",FALSE,"9","narr","F","1"
"FrenchTexts/J/AA_PLF_10_arg_F_C_1.txt",4.4,5,"AA",FALSE,"10","arg","F","1"
"FrenchTexts/J/AA_PLF_2_narr_F_C_1.txt",6.4,5,"AA",FALSE,"2","narr","F","1"
"FrenchTexts/J/AA_PLF_5_narr_F_C_2.txt",4.8,5,"AA",FALSE,"5","narr","F","2"
"FrenchTexts/J/AA_PLF_6_narr_F_C_3.txt",4.8,5,"AA",FALSE,"6","narr","F","3"
"FrenchTexts/J/AA_PLF_9_arg_F_C_3.txt",5.6,5,"AA",FALSE,"9","arg","F","3"
"FrenchTexts/J/AD_PLF_15_arg_F_C_3.txt",4,5,"AD",FALSE,"15","arg","F","3"
"FrenchTexts/J/AD_PLF_26_arg_F_C_3.txt",8,5,"AD",FALSE,"26","arg","F","3"
"FrenchTexts/J/AD_PLF_4_arg_F_C_2.txt",3.4,5,"AD",FALSE,"4","arg","F","2"
"FrenchTexts/J/AD_PLF_4_narr_F_C_1.txt",4.4,5,"AD",FALSE,"4","narr","F","1"
"FrenchTexts/J/AD_PLF_5_narr_F_C_2.txt",4.4,5,"AD",FALSE,"5","narr","F","2"
"FrenchTexts/J/A_PLF_10_narr_F_C_3.txt",3.6,5,"A",FALSE,"10","narr","F","3"
"FrenchTexts/J/A_PLF_13_narr_F_C_3.txt",4.4,5,"A",FALSE,"13","narr","F","3"
"FrenchTexts/J/A_PLF_17_arg_F_C_1.txt",4.8,5,"A",FALSE,"17","arg","F","1"
"FrenchTexts/J/A_PLF_9_arg_F_C_2.txt",5.8,5,"A",FALSE,"9","arg","F","2"
"FrenchTexts/J/C_PLF_10_narr_F_C_1.txt",2.8,5,"C",FALSE,"10","narr","F","1"
"FrenchTexts/J/C_PLF_19_arg_F_C_2.txt",7.6,5,"C",FALSE,"19","arg","F","2"
"FrenchTexts/J/C_PLF_1_arg_F_C_2.txt",5.2,5,"C",FALSE,"1","arg","F","2"
"FrenchTexts/J/D_PLF_1_arg_F_C_1.txt",5.8,5,"D",FALSE,"1","arg","F","1"
"FrenchTexts/J/P_CF_18_narr_F_C_3.txt",5.2,5,"P",TRUE,"18","narr","F","3"
"FrenchTexts/J/P_CF_19_arg_F_C_3.txt",6.6,5,"P",TRUE,"19","arg","F","3"
"FrenchTexts/J/P_CF_5_narr_F_C_1.txt",4.4,5,"P",TRUE,"5","narr","F","1"
"FrenchTexts/J/P_CF_6_narr_F_C_1.txt",4.25,4,"P",TRUE,"6","narr","F","1"
"FrenchTexts/J/Q_CF_15_arg_F_C_1.txt",5.2,5,"Q",TRUE,"15","arg","F","1"
"FrenchTexts/J/Q_CF_5_arg_F_C_2.txt",5.4,5,"Q",TRUE,"5","arg","F","2"
"FrenchTexts/J/Q_CF_7_arg_F_C_3.txt",8.4,5,"Q",TRUE,"7","arg","F","3"
"FrenchTexts/J/R_CF_3_arg_F_C_3.txt",6.8,5,"R",TRUE,"3","arg","F","3"
"FrenchTexts/J/R_CF_4_arg_F_C_2.txt",5.4,5,"R",TRUE,"4","arg","F","2"
"FrenchTexts/J/R_CF_6_arg_F_C_1.txt",6,5,"R",TRUE,"6","arg","F","1"
"FrenchTexts/J/R_CF_8_arg_F_C_2.txt",4.4,5,"R",TRUE,"8","arg","F","2"
"FrenchTexts/J/R_CF_8_narr_F_C_2.txt",3.2,5,"R",TRUE,"8","narr","F","2"
"FrenchTexts/J/T_CF_10_arg_F_C_3.txt",6.4,5,"T",TRUE,"10","arg","F","3"
"FrenchTexts/J/T_CF_18_narr_F_C_2.txt",5,5,"T",TRUE,"18","narr","F","2"
"FrenchTexts/J/T_CF_21_narr_F_C_2.txt",5,5,"T",TRUE,"21","narr","F","2"
"FrenchTexts/J/T_CF_3_arg_F_C_2.txt",5.4,5,"T",TRUE,"3","arg","F","2"
"FrenchTexts/J/W_CF_18_arg_F_C_1.txt",5,5,"W",TRUE,"18","arg","F","1"
"FrenchTexts/J/W_CF_1_narr_F_C_3.txt",6.8,5,"W",TRUE,"1","narr","F","3"
"FrenchTexts/J/W_CF_4_arg_F_C_1.txt",4.4,5,"W",TRUE,"4","arg","F","1"
"FrenchTexts/J/W_CF_9_narr_F_C_3.txt",5.4,5,"W",TRUE,"9","narr","F","3"
"FrenchTexts/J/Y_PNF_11_arg_F_C_2.txt",4.4,5,"Y",FALSE,"11","arg","F","2"
"FrenchTexts/J/Y_PNF_18_narr_F_C_3.txt",6.2,5,"Y",FALSE,"18","narr","F","3"
"FrenchTexts/J/Y_PNF_20_arg_F_C_3.txt",5.8,5,"Y",FALSE,"20","arg","F","3"
"FrenchTexts/J/Y_PNF_28_arg_F_C_1.txt",4.2,5,"Y",FALSE,"28","arg","F","1"
"FrenchTexts/J/Y_PNF_33_arg_F_C_1.txt",3.8,5,"Y",FALSE,"33","arg","F","1"
"FrenchTexts/J/Y_PNF_3_arg_F_C_3.txt",7,5,"Y",FALSE,"3","arg","F","3"
"FrenchTexts/J/Y_PNF_5_narr_F_C_3.txt",5.8,5,"Y",FALSE,"5","narr","F","3"
"FrenchTexts/J/Y_PNF_7_narr_F_C_1.txt",5.2,5,"Y",FALSE,"7","narr","F","1"
"FrenchTexts/J/Y_PNF_9_narr_F_C_2.txt",5.6,5,"Y",FALSE,"9","narr","F","2"
"FrenchTexts/J/Z_PLF_6_narr_F_C_2.txt",5,5,"Z",FALSE,"6","narr","F","2"
"FrenchTexts/J/Z_PLF_7_narr_F_C_2.txt",4.4,5,"Z",FALSE,"7","narr","F","2"
"FrenchTexts/J/Z_PLF_8_arg_F_C_1.txt",6.4,5,"Z",FALSE,"8","arg","F","1"
"FrenchTexts/K/AA_PLF_2_arg_F_C_2.txt",3.625,8,"AA",FALSE,"2","arg","F","2"
"FrenchTexts/K/AA_PLF_5_arg_F_C_2.txt",4.125,8,"AA",FALSE,"5","arg","F","2"
"FrenchTexts/K/AA_PLF_7_arg_F_C_3.txt",6.875,8,"AA",FALSE,"7","arg","F","3"
"FrenchTexts/K/AA_PLF_9_arg_F_C_1.txt",3.875,8,"AA",FALSE,"9","arg","F","1"
"FrenchTexts/K/AD_PLF_13_narr_F_C_1.txt",3.375,8,"AD",FALSE,"13","narr","F","1"
"FrenchTexts/K/AD_PLF_14_narr_F_C_2.txt",3.25,8,"AD",FALSE,"14","narr","F","2"
"FrenchTexts/K/AD_PLF_25_arg_F_C_3.txt",7,8,"AD",FALSE,"25","arg","F","3"
"FrenchTexts/K/AD_PLF_26_narr_F_C_1.txt",4.75,8,"AD",FALSE,"26","narr","F","1"
"FrenchTexts/K/AD_PLF_2_narr_F_C_3.txt",5.5,8,"AD",FALSE,"2","narr","F","3"
"FrenchTexts/K/A_PLF_15_arg_F_C_2.txt",4.75,8,"A",FALSE,"15","arg","F","2"
"FrenchTexts/K/A_PLF_2_narr_F_C_2.txt",3.75,8,"A",FALSE,"2","narr","F","2"
"FrenchTexts/K/A_PLF_8_arg_F_C_1.txt",4.875,8,"A",FALSE,"8","arg","F","1"
"FrenchTexts/K/A_PLF_8_arg_F_C_2.txt",2.75,8,"A",FALSE,"8","arg","F","2"
"FrenchTexts/K/C_PLF_16_arg_F_C_3.txt",8.125,8,"C",FALSE,"16","arg","F","3"
"FrenchTexts/K/C_PLF_19_narr_F_C_2.txt",4.75,8,"C",FALSE,"19","narr","F","2"
"FrenchTexts/K/D_PLF_6_arg_F_C_1.txt",3.125,8,"D",FALSE,"6","arg","F","1"
"FrenchTexts/K/D_PLF_7_arg_F_C_2.txt",5,8,"D",FALSE,"7","arg","F","2"
"FrenchTexts/K/D_PLF_8_narr_F_C_3.txt",3.875,8,"D",FALSE,"8","narr","F","3"
"FrenchTexts/K/P_CF_11_arg_F_C_2.txt",5.75,8,"P",TRUE,"11","arg","F","2"
"FrenchTexts/K/P_CF_1_narr_F_C_1.txt",4.375,8,"P",TRUE,"1","narr","F","1"
"FrenchTexts/K/P_CF_8_narr_F_C_2.txt",5.625,8,"P",TRUE,"8","narr","F","2"
"FrenchTexts/K/Q_CF_11_arg_F_C_1.txt",2.375,8,"Q",TRUE,"11","arg","F","1"
"FrenchTexts/K/Q_CF_2_arg_F_C_1.txt",4.625,8,"Q",TRUE,"2","arg","F","1"
"FrenchTexts/K/R_CF_17_narr_F_C_1.txt",3.875,8,"R",TRUE,"17","narr","F","1"
"FrenchTexts/K/R_CF_3_narr_F_C_3.txt",6.25,8,"R",TRUE,"3","narr","F","3"
"FrenchTexts/K/R_CF_5_arg_F_C_1.txt",4.25,8,"R",TRUE,"5","arg","F","1"
"FrenchTexts/K/R_CF_7_arg_F_C_3.txt",5,8,"R",TRUE,"7","arg","F","3"
"FrenchTexts/K/T_CF_10_arg_F_C_2.txt",4.75,8,"T",TRUE,"10","arg","F","2"
"FrenchTexts/K/T_CF_13_arg_F_C_3.txt",5,8,"T",TRUE,"13","arg","F","3"
"FrenchTexts/K/T_CF_19_narr_F_C_2.txt",5.875,8,"T",TRUE,"19","narr","F","2"
"FrenchTexts/K/T_CF_1_narr_F_C_2.txt",5.625,8,"T",TRUE,"1","narr","F","2"
"FrenchTexts/K/T_CF_1_narr_F_C_3.txt",6,8,"T",TRUE,"1","narr","F","3"
"FrenchTexts/K/T_CF_21_arg_F_C_2.txt",4.625,8,"T",TRUE,"21","arg","F","2"
"FrenchTexts/K/W_CF_13_narr_F_C_3.txt",5.75,8,"W",TRUE,"13","narr","F","3"
"FrenchTexts/K/W_CF_19_narr_F_C_1.txt",3,8,"W",TRUE,"19","narr","F","1"
"FrenchTexts/K/W_CF_1_arg_F_C_2.txt",5.75,8,"W",TRUE,"1","arg","F","2"
"FrenchTexts/K/W_CF_6_narr_F_C_3.txt",7.375,8,"W",TRUE,"6","narr","F","3"
"FrenchTexts/K/W_CF_9_arg_F_C_3.txt",3.375,8,"W",TRUE,"9","arg","F","3"
"FrenchTexts/K/Y_PNF_12_narr_F_C_1.txt",4.75,8,"Y",FALSE,"12","narr","F","1"
"FrenchTexts/K/Y_PNF_14_arg_F_C_3.txt",5,8,"Y",FALSE,"14","arg","F","3"
"FrenchTexts/K/Y_PNF_15_narr_F_C_3.txt",4.25,8,"Y",FALSE,"15","narr","F","3"
"FrenchTexts/K/Y_PNF_16_narr_F_C_3.txt",4.25,8,"Y",FALSE,"16","narr","F","3"
"FrenchTexts/K/Y_PNF_20_narr_F_C_1.txt",4.75,8,"Y",FALSE,"20","narr","F","1"
"FrenchTexts/K/Y_PNF_23_arg_F_C_2.txt",4.25,8,"Y",FALSE,"23","arg","F","2"
"FrenchTexts/K/Y_PNF_27_arg_F_C_2.txt",4.875,8,"Y",FALSE,"27","arg","F","2"
"FrenchTexts/K/Y_PNF_32_narr_F_C_3.txt",4.375,8,"Y",FALSE,"32","narr","F","3"
"FrenchTexts/K/Y_PNF_4_arg_F_C_3.txt",3.25,8,"Y",FALSE,"4","arg","F","3"
"FrenchTexts/K/Y_PNF_5_arg_F_C_1.txt",4.125,8,"Y",FALSE,"5","arg","F","1"
"FrenchTexts/K/Y_PNF_8_narr_F_C_2.txt",3.75,8,"Y",FALSE,"8","narr","F","2"
"FrenchTexts/K/Z_PLF_3_arg_F_C_1.txt",3,8,"Z",FALSE,"3","arg","F","1"
"FrenchTexts/L/AA_PLF_1_arg_F_C_2.txt",3.85714285714286,7,"AA",FALSE,"1","arg","F","2"
"FrenchTexts/L/AD_PLF_10_arg_F_C_1.txt",4.57142857142857,7,"AD",FALSE,"10","arg","F","1"
"FrenchTexts/L/AD_PLF_11_narr_F_C_3.txt",5.28571428571429,7,"AD",FALSE,"11","narr","F","3"
"FrenchTexts/L/AD_PLF_19_arg_F_C_1.txt",4.57142857142857,7,"AD",FALSE,"19","arg","F","1"
"FrenchTexts/L/AD_PLF_19_arg_F_C_3.txt",5.71428571428571,7,"AD",FALSE,"19","arg","F","3"
"FrenchTexts/L/AD_PLF_20_arg_F_C_2.txt",4.28571428571429,7,"AD",FALSE,"20","arg","F","2"
"FrenchTexts/L/AD_PLF_24_narr_F_C_3.txt",6.14285714285714,7,"AD",FALSE,"24","narr","F","3"
"FrenchTexts/L/AD_PLF_26_arg_F_C_1.txt",4.85714285714286,7,"AD",FALSE,"26","arg","F","1"
"FrenchTexts/L/AD_PLF_5_arg_F_C_3.txt",5,7,"AD",FALSE,"5","arg","F","3"
"FrenchTexts/L/AD_PLF_9_arg_F_C_1.txt",5.71428571428571,7,"AD",FALSE,"9","arg","F","1"
"FrenchTexts/L/AE_PLF_1_narr_F_C_1.txt",4.14285714285714,7,"AE",FALSE,"1","narr","F","1"
"FrenchTexts/L/AE_PLF_4_narr_F_C_2.txt",6,7,"AE",FALSE,"4","narr","F","2"
"FrenchTexts/L/A_PLF_11_arg_F_C_2.txt",3.57142857142857,7,"A",FALSE,"11","arg","F","2"
"FrenchTexts/L/A_PLF_19_narr_F_C_1.txt",5.71428571428571,7,"A",FALSE,"19","narr","F","1"
"FrenchTexts/L/C_PLF_19_narr_F_C_3.txt",6.57142857142857,7,"C",FALSE,"19","narr","F","3"
"FrenchTexts/L/C_PLF_30_narr_F_C_2.txt",4.71428571428571,7,"C",FALSE,"30","narr","F","2"
"FrenchTexts/L/C_PLF_7_narr_F_C_3.txt",6.14285714285714,7,"C",FALSE,"7","narr","F","3"
"FrenchTexts/L/D_PLF_1_arg_F_C_2.txt",6.28571428571429,7,"D",FALSE,"1","arg","F","2"
"FrenchTexts/L/D_PLF_1_arg_F_C_3.txt",6.14285714285714,7,"D",FALSE,"1","arg","F","3"
"FrenchTexts/L/D_PLF_1_narr_F_C_1.txt",4.57142857142857,7,"D",FALSE,"1","narr","F","1"
"FrenchTexts/L/D_PLF_3_narr_F_C_1.txt",4.16666666666667,6,"D",FALSE,"3","narr","F","1"
"FrenchTexts/L/D_PLF_4_arg_F_C_2.txt",5.42857142857143,7,"D",FALSE,"4","arg","F","2"
"FrenchTexts/L/P_CF_11_arg_F_C_1.txt",4.85714285714286,7,"P",TRUE,"11","arg","F","1"
"FrenchTexts/L/P_CF_4_arg_F_C_2.txt",5.85714285714286,7,"P",TRUE,"4","arg","F","2"
"FrenchTexts/L/P_CF_7_arg_F_C_2.txt",5.66666666666667,6,"P",TRUE,"7","arg","F","2"
"FrenchTexts/L/Q_CF_5_arg_F_C_3.txt",6.42857142857143,7,"Q",TRUE,"5","arg","F","3"
"FrenchTexts/L/Q_CF_5_narr_F_C_2.txt",2.71428571428571,7,"Q",TRUE,"5","narr","F","2"
"FrenchTexts/L/Q_CF_9_arg_F_C_3.txt",6.28571428571429,7,"Q",TRUE,"9","arg","F","3"
"FrenchTexts/L/R_CF_15_arg_F_C_1.txt",6.57142857142857,7,"R",TRUE,"15","arg","F","1"
"FrenchTexts/L/R_CF_1_narr_F_C_2.txt",4,7,"R",TRUE,"1","narr","F","2"
"FrenchTexts/L/R_CF_4_narr_F_C_3.txt",7.71428571428571,7,"R",TRUE,"4","narr","F","3"
"FrenchTexts/L/R_CF_5_narr_F_C_1.txt",4,7,"R",TRUE,"5","narr","F","1"
"FrenchTexts/L/R_CF_6_narr_F_C_1.txt",4.71428571428571,7,"R",TRUE,"6","narr","F","1"
"FrenchTexts/L/R_CF_6_narr_F_C_2.txt",5.42857142857143,7,"R",TRUE,"6","narr","F","2"
"FrenchTexts/L/T_CF_1_arg_F_C_1.txt",6.71428571428571,7,"T",TRUE,"1","arg","F","1"
"FrenchTexts/L/T_CF_20_arg_F_C_3.txt",7.14285714285714,7,"T",TRUE,"20","arg","F","3"
"FrenchTexts/L/T_CF_6_arg_F_C_2.txt",5.71428571428571,7,"T",TRUE,"6","arg","F","2"
"FrenchTexts/L/W_CF_10_arg_F_C_3.txt",5.42857142857143,7,"W",TRUE,"10","arg","F","3"
"FrenchTexts/L/W_CF_20_narr_F_C_3.txt",5,7,"W",TRUE,"20","narr","F","3"
"FrenchTexts/L/W_CF_22_narr_F_C_3.txt",3.42857142857143,7,"W",TRUE,"22","narr","F","3"
"FrenchTexts/L/W_CF_6_arg_F_C_2.txt",6.42857142857143,7,"W",TRUE,"6","arg","F","2"
"FrenchTexts/L/W_CF_8_narr_F_C_3.txt",5.28571428571429,7,"W",TRUE,"8","narr","F","3"
"FrenchTexts/L/Y_PNF_13_narr_F_C_2.txt",4,7,"Y",FALSE,"13","narr","F","2"
"FrenchTexts/L/Y_PNF_14_arg_F_C_2.txt",5.42857142857143,7,"Y",FALSE,"14","arg","F","2"
"FrenchTexts/L/Y_PNF_17_narr_F_C_3.txt",5.85714285714286,7,"Y",FALSE,"17","narr","F","3"
"FrenchTexts/L/Y_PNF_18_arg_F_C_3.txt",4.71428571428571,7,"Y",FALSE,"18","arg","F","3"
"FrenchTexts/L/Y_PNF_29_narr_F_C_2.txt",4.57142857142857,7,"Y",FALSE,"29","narr","F","2"
"FrenchTexts/L/Y_PNF_9_arg_F_C_1.txt",5.28571428571429,7,"Y",FALSE,"9","arg","F","1"
"FrenchTexts/L/Z_PLF_3_narr_F_C_1.txt",4.42857142857143,7,"Z",FALSE,"3","narr","F","1"
"FrenchTexts/L/Z_PLF_5_arg_F_C_3.txt",5.85714285714286,7,"Z",FALSE,"5","arg","F","3"
"FrenchTexts/M/AA_PLF_11_arg_F_C_3.txt",5.11111111111111,9,"AA",FALSE,"11","arg","F","3"
"FrenchTexts/M/AA_PLF_12_arg_F_C_3.txt",4.22222222222222,9,"AA",FALSE,"12","arg","F","3"
"FrenchTexts/M/AA_PLF_9_narr_F_C_3.txt",6.88888888888889,9,"AA",FALSE,"9","narr","F","3"
"FrenchTexts/M/AD_PLF_12_narr_F_C_2.txt",4.66666666666667,9,"AD",FALSE,"12","narr","F","2"
"FrenchTexts/M/AD_PLF_15_arg_F_C_1.txt",5.11111111111111,9,"AD",FALSE,"15","arg","F","1"
"FrenchTexts/M/AD_PLF_16_narr_F_C_3.txt",6.11111111111111,9,"AD",FALSE,"16","narr","F","3"
"FrenchTexts/M/AD_PLF_17_narr_F_C_1.txt",3.66666666666667,9,"AD",FALSE,"17","narr","F","1"
"FrenchTexts/M/AD_PLF_18_arg_F_C_1.txt",6,9,"AD",FALSE,"18","arg","F","1"
"FrenchTexts/M/AD_PLF_20_narr_F_C_2.txt",4.22222222222222,9,"AD",FALSE,"20","narr","F","2"
"FrenchTexts/M/AD_PLF_24_arg_F_C_2.txt",6,9,"AD",FALSE,"24","arg","F","2"
"FrenchTexts/M/AD_PLF_24_arg_F_C_3.txt",5.33333333333333,9,"AD",FALSE,"24","arg","F","3"
"FrenchTexts/M/AD_PLF_24_narr_F_C_1.txt",3.88888888888889,9,"AD",FALSE,"24","narr","F","1"
"FrenchTexts/M/AD_PLF_7_arg_F_C_2.txt",6.11111111111111,9,"AD",FALSE,"7","arg","F","2"
"FrenchTexts/M/AD_PLF_9_narr_F_C_2.txt",6.33333333333333,9,"AD",FALSE,"9","narr","F","2"
"FrenchTexts/M/AE_PLF_1_narr_F_C_3.txt",5.11111111111111,9,"AE",FALSE,"1","narr","F","3"
"FrenchTexts/M/AE_PLF_4_arg_F_C_2.txt",6.66666666666667,9,"AE",FALSE,"4","arg","F","2"
"FrenchTexts/M/AE_PLF_5_arg_F_C_2.txt",5.88888888888889,9,"AE",FALSE,"5","arg","F","2"
"FrenchTexts/M/A_PLF_12_narr_F_C_1.txt",4.88888888888889,9,"A",FALSE,"12","narr","F","1"
"FrenchTexts/M/A_PLF_13_arg_F_C_3.txt",4.66666666666667,9,"A",FALSE,"13","arg","F","3"
"FrenchTexts/M/A_PLF_14_arg_F_C_1.txt",4.33333333333333,9,"A",FALSE,"14","arg","F","1"
"FrenchTexts/M/A_PLF_1_narr_F_C_3.txt",5,9,"A",FALSE,"1","narr","F","3"
"FrenchTexts/M/A_PLF_3_arg_F_C_1.txt",5.11111111111111,9,"A",FALSE,"3","arg","F","1"
"FrenchTexts/M/D_PLF_4_narr_F_C_1.txt",5.11111111111111,9,"D",FALSE,"4","narr","F","1"
"FrenchTexts/M/P_CF_10_narr_F_C_3.txt",6.55555555555556,9,"P",TRUE,"10","narr","F","3"
"FrenchTexts/M/P_CF_13_arg_F_C_2.txt",5.55555555555556,9,"P",TRUE,"13","arg","F","2"
"FrenchTexts/M/P_CF_14_narr_F_C_3.txt",5.44444444444444,9,"P",TRUE,"14","narr","F","3"
"FrenchTexts/M/P_CF_17_arg_F_C_3.txt",5.88888888888889,9,"P",TRUE,"17","arg","F","3"
"FrenchTexts/M/P_CF_18_arg_F_C_3.txt",6.33333333333333,9,"P",TRUE,"18","arg","F","3"
"FrenchTexts/M/P_CF_3_narr_F_C_1.txt",5,9,"P",TRUE,"3","narr","F","1"
"FrenchTexts/M/Q_CF_10_narr_F_C_2.txt",4.33333333333333,9,"Q",TRUE,"10","narr","F","2"
"FrenchTexts/M/Q_CF_17_narr_F_C_2.txt",5.22222222222222,9,"Q",TRUE,"17","narr","F","2"
"FrenchTexts/M/Q_CF_3_arg_F_C_2.txt",7.66666666666667,9,"Q",TRUE,"3","arg","F","2"
"FrenchTexts/M/Q_CF_7_arg_F_C_1.txt",5.55555555555556,9,"Q",TRUE,"7","arg","F","1"
"FrenchTexts/M/Q_CF_7_narr_F_C_2.txt",5,9,"Q",TRUE,"7","narr","F","2"
"FrenchTexts/M/R_CF_16_narr_F_C_1.txt",3.66666666666667,9,"R",TRUE,"16","narr","F","1"
"FrenchTexts/M/R_CF_17_arg_F_C_2.txt",6.11111111111111,9,"R",TRUE,"17","arg","F","2"
"FrenchTexts/M/T_CF_14_arg_F_C_1.txt",5.44444444444444,9,"T",TRUE,"14","arg","F","1"
"FrenchTexts/M/T_CF_17_narr_F_C_3.txt",6.66666666666667,9,"T",TRUE,"17","narr","F","3"
"FrenchTexts/M/T_CF_20_narr_F_C_2.txt",5.44444444444444,9,"T",TRUE,"20","narr","F","2"
"FrenchTexts/M/T_CF_3_arg_F_C_3.txt",7.55555555555556,9,"T",TRUE,"3","arg","F","3"
"FrenchTexts/M/W_CF_13_arg_F_C_1.txt",7.44444444444444,9,"W",TRUE,"13","arg","F","1"
"FrenchTexts/M/W_CF_20_arg_F_C_3.txt",5.77777777777778,9,"W",TRUE,"20","arg","F","3"
"FrenchTexts/M/W_CF_21_arg_F_C_2.txt",4.44444444444444,9,"W",TRUE,"21","arg","F","2"
"FrenchTexts/M/W_CF_7_arg_F_C_1.txt",6.88888888888889,9,"W",TRUE,"7","arg","F","1"
"FrenchTexts/M/Y_PNF_12_arg_F_C_2.txt",4.66666666666667,9,"Y",FALSE,"12","arg","F","2"
"FrenchTexts/M/Y_PNF_23_arg_F_C_3.txt",5.33333333333333,9,"Y",FALSE,"23","arg","F","3"
"FrenchTexts/M/Y_PNF_25_arg_F_C_2.txt",5.88888888888889,9,"Y",FALSE,"25","arg","F","2"
"FrenchTexts/M/Y_PNF_28_narr_F_C_2.txt",5,9,"Y",FALSE,"28","narr","F","2"
"FrenchTexts/M/Z_PLF_2_narr_F_C_3.txt",6.22222222222222,9,"Z",FALSE,"2","narr","F","3"
"FrenchTexts/M/Z_PLF_7_arg_F_C_1.txt",5.33333333333333,9,"Z",FALSE,"7","arg","F","1"
"FrenchTexts/N/AA_PLF_1_narr_F_C_2.txt",4.75,8,"AA",FALSE,"1","narr","F","2"
"FrenchTexts/N/AA_PLF_7_arg_F_C_1.txt",5.625,8,"AA",FALSE,"7","arg","F","1"
"FrenchTexts/N/AD_PLF_10_narr_F_C_2.txt",5.625,8,"AD",FALSE,"10","narr","F","2"
"FrenchTexts/N/AD_PLF_17_arg_F_C_3.txt",5,8,"AD",FALSE,"17","arg","F","3"
"FrenchTexts/N/AD_PLF_1_arg_F_C_1.txt",4.875,8,"AD",FALSE,"1","arg","F","1"
"FrenchTexts/N/AE_PLF_5_narr_F_C_1.txt",4.75,8,"AE",FALSE,"5","narr","F","1"
"FrenchTexts/N/AE_PLF_5_narr_F_C_3.txt",6.125,8,"AE",FALSE,"5","narr","F","3"
"FrenchTexts/N/A_PLF_12_arg_F_C_3.txt",5.75,8,"A",FALSE,"12","arg","F","3"
"FrenchTexts/N/A_PLF_19_arg_F_C_2.txt",4.25,8,"A",FALSE,"19","arg","F","2"
"FrenchTexts/N/A_PLF_4_arg_F_C_2.txt",4.375,8,"A",FALSE,"4","arg","F","2"
"FrenchTexts/N/A_PLF_7_narr_F_C_3.txt",5.75,8,"A",FALSE,"7","narr","F","3"
"FrenchTexts/N/A_PLF_9_narr_F_C_1.txt",5.25,8,"A",FALSE,"9","narr","F","1"
"FrenchTexts/N/A_PLF_9_narr_F_C_3.txt",5.875,8,"A",FALSE,"9","narr","F","3"
"FrenchTexts/N/C_PLF_10_arg_F_C_1.txt",4.25,8,"C",FALSE,"10","arg","F","1"
"FrenchTexts/N/C_PLF_1_arg_F_C_1.txt",5.875,8,"C",FALSE,"1","arg","F","1"
"FrenchTexts/N/C_PLF_30_narr_F_C_3.txt",6.625,8,"C",FALSE,"30","narr","F","3"
"FrenchTexts/N/C_PLF_7_narr_F_C_1.txt",4.375,8,"C",FALSE,"7","narr","F","1"
"FrenchTexts/N/D_PLF_3_arg_F_C_3.txt",6.625,8,"D",FALSE,"3","arg","F","3"
"FrenchTexts/N/D_PLF_6_narr_F_C_3.txt",4.14285714285714,7,"D",FALSE,"6","narr","F","3"
"FrenchTexts/N/D_PLF_8_narr_F_C_2.txt",4,8,"D",FALSE,"8","narr","F","2"
"FrenchTexts/N/P_CF_12_arg_F_C_2.txt",7,8,"P",TRUE,"12","arg","F","2"
"FrenchTexts/N/P_CF_6_arg_F_C_3.txt",6.5,8,"P",TRUE,"6","arg","F","3"
"FrenchTexts/N/P_CF_9_narr_F_C_1.txt",8.25,8,"P",TRUE,"9","narr","F","1"
"FrenchTexts/N/Q_CF_14_narr_F_C_3.txt",5.625,8,"Q",TRUE,"14","narr","F","3"
"FrenchTexts/N/Q_CF_17_narr_F_C_3.txt",3.71428571428571,7,"Q",TRUE,"17","narr","F","3"
"FrenchTexts/N/Q_CF_2_arg_F_C_2.txt",4.75,8,"Q",TRUE,"2","arg","F","2"
"FrenchTexts/N/Q_CF_3_arg_F_C_3.txt",7.125,8,"Q",TRUE,"3","arg","F","3"
"FrenchTexts/N/R_CF_11_narr_F_C_2.txt",4.5,8,"R",TRUE,"11","narr","F","2"
"FrenchTexts/N/R_CF_13_narr_F_C_2.txt",4.5,8,"R",TRUE,"13","narr","F","2"
"FrenchTexts/N/R_CF_15_narr_F_C_1.txt",4.625,8,"R",TRUE,"15","narr","F","1"
"FrenchTexts/N/R_CF_17_arg_F_C_3.txt",6.375,8,"R",TRUE,"17","arg","F","3"
"FrenchTexts/N/R_CF_17_narr_F_C_2.txt",5,8,"R",TRUE,"17","narr","F","2"
"FrenchTexts/N/R_CF_1_arg_F_C_3.txt",6.875,8,"R",TRUE,"1","arg","F","3"
"FrenchTexts/N/R_CF_4_arg_F_C_1.txt",4.5,8,"R",TRUE,"4","arg","F","1"
"FrenchTexts/N/T_CF_13_narr_F_C_3.txt",5.625,8,"T",TRUE,"13","narr","F","3"
"FrenchTexts/N/W_CF_17_arg_F_C_2.txt",6,8,"W",TRUE,"17","arg","F","2"
"FrenchTexts/N/W_CF_20_arg_F_C_2.txt",4.75,8,"W",TRUE,"20","arg","F","2"
"FrenchTexts/N/W_CF_3_arg_F_C_1.txt",6.625,8,"W",TRUE,"3","arg","F","1"
"FrenchTexts/N/W_CF_3_narr_F_C_1.txt",4.125,8,"W",TRUE,"3","narr","F","1"
"FrenchTexts/N/W_CF_4_narr_F_C_3.txt",5.625,8,"W",TRUE,"4","narr","F","3"
"FrenchTexts/N/W_CF_8_arg_F_C_1.txt",5.625,8,"W",TRUE,"8","arg","F","1"
"FrenchTexts/N/Y_PNF_12_arg_F_C_3.txt",6.75,8,"Y",FALSE,"12","arg","F","3"
"FrenchTexts/N/Y_PNF_20_narr_F_C_2.txt",6,8,"Y",FALSE,"20","narr","F","2"
"FrenchTexts/N/Y_PNF_22_arg_F_C_2.txt",3,8,"Y",FALSE,"22","arg","F","2"
"FrenchTexts/N/Y_PNF_27_arg_F_C_3.txt",6.25,8,"Y",FALSE,"27","arg","F","3"
"FrenchTexts/N/Y_PNF_2_narr_F_C_1.txt",4.875,8,"Y",FALSE,"2","narr","F","1"
"FrenchTexts/N/Y_PNF_36_arg_F_C_2.txt",4.125,8,"Y",FALSE,"36","arg","F","2"
"FrenchTexts/N/Y_PNF_5_narr_F_C_2.txt",3.875,8,"Y",FALSE,"5","narr","F","2"
"FrenchTexts/N/Z_PLF_2_arg_F_C_2.txt",3.5,8,"Z",FALSE,"2","arg","F","2"
"FrenchTexts/N/Z_PLF_6_arg_F_C_1.txt",4.75,8,"Z",FALSE,"6","arg","F","1"
"FrenchTexts/O/AA_PLF_13_arg_F_C_1.txt",5.25,8,"AA",FALSE,"13","arg","F","1"
"FrenchTexts/O/AA_PLF_2_arg_F_C_1.txt",4.75,8,"AA",FALSE,"2","arg","F","1"
"FrenchTexts/O/AA_PLF_7_narr_F_C_1.txt",4.75,8,"AA",FALSE,"7","narr","F","1"
"FrenchTexts/O/AA_PLF_8_arg_F_C_2.txt",5,8,"AA",FALSE,"8","arg","F","2"
"FrenchTexts/O/AD_PLF_10_arg_F_C_3.txt",4.625,8,"AD",FALSE,"10","arg","F","3"
"FrenchTexts/O/AD_PLF_14_arg_F_C_2.txt",4.75,8,"AD",FALSE,"14","arg","F","2"
"FrenchTexts/O/AD_PLF_15_narr_F_C_2.txt",3.5,8,"AD",FALSE,"15","narr","F","2"
"FrenchTexts/O/AD_PLF_24_narr_F_C_2.txt",3.75,8,"AD",FALSE,"24","narr","F","2"
"FrenchTexts/O/AD_PLF_4_arg_F_C_1.txt",5.125,8,"AD",FALSE,"4","arg","F","1"
"FrenchTexts/O/AD_PLF_6_narr_F_C_1.txt",5.625,8,"AD",FALSE,"6","narr","F","1"
"FrenchTexts/O/AD_PLF_8_narr_F_C_2.txt",5.625,8,"AD",FALSE,"8","narr","F","2"
"FrenchTexts/O/AE_PLF_1_arg_F_C_3.txt",5.5,8,"AE",FALSE,"1","arg","F","3"
"FrenchTexts/O/AE_PLF_6_arg_F_C_2.txt",4,8,"AE",FALSE,"6","arg","F","2"
"FrenchTexts/O/A_PLF_14_arg_F_C_2.txt",3,8,"A",FALSE,"14","arg","F","2"
"FrenchTexts/O/A_PLF_15_narr_F_C_3.txt",3.875,8,"A",FALSE,"15","narr","F","3"
"FrenchTexts/O/A_PLF_1_narr_F_C_2.txt",4.125,8,"A",FALSE,"1","narr","F","2"
"FrenchTexts/O/A_PLF_7_arg_F_C_1.txt",4.75,8,"A",FALSE,"7","arg","F","1"
"FrenchTexts/O/C_PLF_30_narr_F_C_1.txt",5.75,8,"C",FALSE,"30","narr","F","1"
"FrenchTexts/O/D_PLF_10_arg_F_C_3.txt",4.75,8,"D",FALSE,"10","arg","F","3"
"FrenchTexts/O/D_PLF_2_arg_F_C_1.txt",3.5,8,"D",FALSE,"2","arg","F","1"
"FrenchTexts/O/D_PLF_5_arg_F_C_3.txt",3.85714285714286,7,"D",FALSE,"5","arg","F","3"
"FrenchTexts/O/D_PLF_9_narr_F_C_3.txt",4.875,8,"D",FALSE,"9","narr","F","3"
"FrenchTexts/O/P_CF_2_narr_F_C_1.txt",4.25,8,"P",TRUE,"2","narr","F","1"
"FrenchTexts/O/P_CF_9_narr_F_C_2.txt",8.125,8,"P",TRUE,"9","narr","F","2"
"FrenchTexts/O/Q_CF_15_arg_F_C_3.txt",4.875,8,"Q",TRUE,"15","arg","F","3"
"FrenchTexts/O/Q_CF_17_narr_F_C_1.txt",3,7,"Q",TRUE,"17","narr","F","1"
"FrenchTexts/O/Q_CF_6_narr_F_C_2.txt",5.125,8,"Q",TRUE,"6","narr","F","2"
"FrenchTexts/O/Q_CF_9_narr_F_C_2.txt",5.875,8,"Q",TRUE,"9","narr","F","2"
"FrenchTexts/O/R_CF_11_arg_F_C_1.txt",5.125,8,"R",TRUE,"11","arg","F","1"
"FrenchTexts/O/R_CF_13_narr_F_C_3.txt",5.25,8,"R",TRUE,"13","narr","F","3"
"FrenchTexts/O/R_CF_15_arg_F_C_2.txt",6.125,8,"R",TRUE,"15","arg","F","2"
"FrenchTexts/O/R_CF_15_narr_F_C_3.txt",7.75,8,"R",TRUE,"15","narr","F","3"
"FrenchTexts/O/R_CF_1_arg_F_C_1.txt",4.875,8,"R",TRUE,"1","arg","F","1"
"FrenchTexts/O/R_CF_5_arg_F_C_2.txt",5.75,8,"R",TRUE,"5","arg","F","2"
"FrenchTexts/O/R_CF_5_arg_F_C_3.txt",6.5,8,"R",TRUE,"5","arg","F","3"
"FrenchTexts/O/R_CF_8_arg_F_C_1.txt",4.5,8,"R",TRUE,"8","arg","F","1"
"FrenchTexts/O/T_CF_2_narr_F_C_3.txt",7,8,"T",TRUE,"2","narr","F","3"
"FrenchTexts/O/T_CF_7_arg_F_C_1.txt",5.25,8,"T",TRUE,"7","arg","F","1"
"FrenchTexts/O/T_CF_7_narr_F_C_2.txt",4.625,8,"T",TRUE,"7","narr","F","2"
"FrenchTexts/O/W_CF_12_arg_F_C_2.txt",4.375,8,"W",TRUE,"12","arg","F","2"
"FrenchTexts/O/W_CF_12_narr_F_C_3.txt",5.625,8,"W",TRUE,"12","narr","F","3"
"FrenchTexts/O/W_CF_16_arg_F_C_2.txt",6.25,8,"W",TRUE,"16","arg","F","2"
"FrenchTexts/O/W_CF_6_arg_F_C_3.txt",8,8,"W",TRUE,"6","arg","F","3"
"FrenchTexts/O/Y_PNF_13_arg_F_C_3.txt",5.375,8,"Y",FALSE,"13","arg","F","3"
"FrenchTexts/O/Y_PNF_14_narr_F_C_1.txt",4.625,8,"Y",FALSE,"14","narr","F","1"
"FrenchTexts/O/Y_PNF_14_narr_F_C_2.txt",5.875,8,"Y",FALSE,"14","narr","F","2"
"FrenchTexts/O/Y_PNF_27_narr_F_C_3.txt",6.25,8,"Y",FALSE,"27","narr","F","3"
"FrenchTexts/O/Y_PNF_28_narr_F_C_3.txt",5.75,8,"Y",FALSE,"28","narr","F","3"
"FrenchTexts/O/Y_PNF_2_narr_F_C_3.txt",4,8,"Y",FALSE,"2","narr","F","3"
"FrenchTexts/O/Y_PNF_6_arg_F_C_2.txt",5.125,8,"Y",FALSE,"6","arg","F","2"
"FrenchTexts/P/AA_PLF_13_narr_F_C_2.txt",6.42857142857143,7,"AA",FALSE,"13","narr","F","2"
"FrenchTexts/P/AA_PLF_4_arg_F_C_3.txt",7.85714285714286,7,"AA",FALSE,"4","arg","F","3"
"FrenchTexts/P/AA_PLF_8_arg_F_C_1.txt",5.85714285714286,7,"AA",FALSE,"8","arg","F","1"
"FrenchTexts/P/AA_PLF_8_narr_F_C_3.txt",7.42857142857143,7,"AA",FALSE,"8","narr","F","3"
"FrenchTexts/P/AD_PLF_10_arg_F_C_2.txt",4.85714285714286,7,"AD",FALSE,"10","arg","F","2"
"FrenchTexts/P/AD_PLF_10_narr_F_C_3.txt",5.57142857142857,7,"AD",FALSE,"10","narr","F","3"
"FrenchTexts/P/AD_PLF_1_narr_F_C_1.txt",5,7,"AD",FALSE,"1","narr","F","1"
"FrenchTexts/P/AD_PLF_20_narr_F_C_1.txt",5.42857142857143,7,"AD",FALSE,"20","narr","F","1"
"FrenchTexts/P/AD_PLF_22_arg_F_C_1.txt",4.28571428571429,7,"AD",FALSE,"22","arg","F","1"
"FrenchTexts/P/AD_PLF_22_narr_F_C_2.txt",6,7,"AD",FALSE,"22","narr","F","2"
"FrenchTexts/P/AD_PLF_25_narr_F_C_2.txt",5,7,"AD",FALSE,"25","narr","F","2"
"FrenchTexts/P/AD_PLF_9_narr_F_C_1.txt",5.85714285714286,7,"AD",FALSE,"9","narr","F","1"
"FrenchTexts/P/AE_PLF_1_arg_F_C_1.txt",4.57142857142857,7,"AE",FALSE,"1","arg","F","1"
"FrenchTexts/P/AE_PLF_1_narr_F_C_2.txt",4.71428571428571,7,"AE",FALSE,"1","narr","F","2"
"FrenchTexts/P/AE_PLF_5_arg_F_C_3.txt",5.71428571428571,7,"AE",FALSE,"5","arg","F","3"
"FrenchTexts/P/AE_PLF_6_arg_F_C_1.txt",4.14285714285714,7,"AE",FALSE,"6","arg","F","1"
"FrenchTexts/P/A_PLF_16_arg_F_C_3.txt",4.71428571428571,7,"A",FALSE,"16","arg","F","3"
"FrenchTexts/P/A_PLF_1_arg_F_C_2.txt",5.71428571428571,7,"A",FALSE,"1","arg","F","2"
"FrenchTexts/P/A_PLF_4_arg_F_C_3.txt",5.28571428571429,7,"A",FALSE,"4","arg","F","3"
"FrenchTexts/P/D_PLF_10_narr_F_C_3.txt",4.71428571428571,7,"D",FALSE,"10","narr","F","3"
"FrenchTexts/P/D_PLF_2_narr_F_C_3.txt",6.71428571428571,7,"D",FALSE,"2","narr","F","3"
"FrenchTexts/P/D_PLF_5_narr_F_C_1.txt",4.85714285714286,7,"D",FALSE,"5","narr","F","1"
"FrenchTexts/P/P_CF_10_arg_F_C_3.txt",6.57142857142857,7,"P",TRUE,"10","arg","F","3"
"FrenchTexts/P/P_CF_11_narr_F_C_1.txt",6,7,"P",TRUE,"11","narr","F","1"
"FrenchTexts/P/P_CF_16_arg_F_C_2.txt",5,7,"P",TRUE,"16","arg","F","2"
"FrenchTexts/P/P_CF_1_arg_F_C_1.txt",6,7,"P",TRUE,"1","arg","F","1"
"FrenchTexts/P/P_CF_7_narr_F_C_1.txt",5.57142857142857,7,"P",TRUE,"7","narr","F","1"
"FrenchTexts/P/Q_CF_10_arg_F_C_3.txt",5.42857142857143,7,"Q",TRUE,"10","arg","F","3"
"FrenchTexts/P/Q_CF_2_narr_F_C_3.txt",6.85714285714286,7,"Q",TRUE,"2","narr","F","3"
"FrenchTexts/P/Q_CF_6_arg_F_C_3.txt",5,7,"Q",TRUE,"6","arg","F","3"
"FrenchTexts/P/R_CF_12_arg_F_C_3.txt",7.14285714285714,7,"R",TRUE,"12","arg","F","3"
"FrenchTexts/P/R_CF_14_arg_F_C_1.txt",4.85714285714286,7,"R",TRUE,"14","arg","F","1"
"FrenchTexts/P/R_CF_14_narr_F_C_2.txt",4.71428571428571,7,"R",TRUE,"14","narr","F","2"
"FrenchTexts/P/R_CF_15_narr_F_C_2.txt",5.85714285714286,7,"R",TRUE,"15","narr","F","2"
"FrenchTexts/P/R_CF_21_arg_F_C_2.txt",4.57142857142857,7,"R",TRUE,"21","arg","F","2"
"FrenchTexts/P/T_CF_10_narr_F_C_2.txt",5.71428571428571,7,"T",TRUE,"10","narr","F","2"
"FrenchTexts/P/T_CF_4_arg_F_C_2.txt",6.71428571428571,7,"T",TRUE,"4","arg","F","2"
"FrenchTexts/P/T_CF_6_arg_F_C_3.txt",7.42857142857143,7,"T",TRUE,"6","arg","F","3"
"FrenchTexts/P/T_CF_8_arg_F_C_2.txt",5.14285714285714,7,"T",TRUE,"8","arg","F","2"
"FrenchTexts/P/W_CF_11_narr_F_C_3.txt",6,7,"W",TRUE,"11","narr","F","3"
"FrenchTexts/P/W_CF_14_arg_F_C_1.txt",2.42857142857143,7,"W",TRUE,"14","arg","F","1"
"FrenchTexts/P/W_CF_5_narr_F_C_3.txt",5.85714285714286,7,"W",TRUE,"5","narr","F","3"
"FrenchTexts/P/Y_PNF_12_narr_F_C_2.txt",5.14285714285714,7,"Y",FALSE,"12","narr","F","2"
"FrenchTexts/P/Y_PNF_13_arg_F_C_2.txt",3.71428571428571,7,"Y",FALSE,"13","arg","F","2"
"FrenchTexts/P/Y_PNF_13_narr_F_C_3.txt",6.66666666666667,6,"Y",FALSE,"13","narr","F","3"
"FrenchTexts/P/Y_PNF_17_arg_F_C_3.txt",5.85714285714286,7,"Y",FALSE,"17","arg","F","3"
"FrenchTexts/P/Y_PNF_1_arg_F_C_1.txt",4.57142857142857,7,"Y",FALSE,"1","arg","F","1"
"FrenchTexts/P/Y_PNF_24_arg_F_C_2.txt",5.71428571428571,7,"Y",FALSE,"24","arg","F","2"
"FrenchTexts/P/Y_PNF_33_narr_F_C_1.txt",2.71428571428571,7,"Y",FALSE,"33","narr","F","1"
"FrenchTexts/P/Y_PNF_4_arg_F_C_2.txt",5.28571428571429,7,"Y",FALSE,"4","arg","F","2"
"FrenchTexts/Q/AA_PLF_4_arg_F_C_1.txt",5,9,"AA",FALSE,"4","arg","F","1"
"FrenchTexts/Q/AD_PLF_11_arg_F_C_1.txt",4.55555555555556,9,"AD",FALSE,"11","arg","F","1"
"FrenchTexts/Q/AD_PLF_13_arg_F_C_3.txt",4.44444444444444,9,"AD",FALSE,"13","arg","F","3"
"FrenchTexts/Q/AD_PLF_15_narr_F_C_3.txt",6.44444444444444,9,"AD",FALSE,"15","narr","F","3"
"FrenchTexts/Q/AD_PLF_16_arg_F_C_3.txt",5.66666666666667,9,"AD",FALSE,"16","arg","F","3"
"FrenchTexts/Q/AD_PLF_17_narr_F_C_3.txt",4.77777777777778,9,"AD",FALSE,"17","narr","F","3"
"FrenchTexts/Q/AD_PLF_18_narr_F_C_1.txt",4,9,"AD",FALSE,"18","narr","F","1"
"FrenchTexts/Q/AD_PLF_18_narr_F_C_2.txt",5.44444444444444,9,"AD",FALSE,"18","narr","F","2"
"FrenchTexts/Q/AD_PLF_26_narr_F_C_3.txt",5.22222222222222,9,"AD",FALSE,"26","narr","F","3"
"FrenchTexts/Q/AD_PLF_28_arg_F_C_3.txt",5.22222222222222,9,"AD",FALSE,"28","arg","F","3"
"FrenchTexts/Q/AD_PLF_6_narr_F_C_3.txt",6.77777777777778,9,"AD",FALSE,"6","narr","F","3"
"FrenchTexts/Q/AE_PLF_5_arg_F_C_1.txt",5.77777777777778,9,"AE",FALSE,"5","arg","F","1"
"FrenchTexts/Q/A_PLF_15_arg_F_C_1.txt",4.33333333333333,9,"A",FALSE,"15","arg","F","1"
"FrenchTexts/Q/A_PLF_5_arg_F_C_2.txt",3.55555555555556,9,"A",FALSE,"5","arg","F","2"
"FrenchTexts/Q/A_PLF_8_narr_F_C_2.txt",3.77777777777778,9,"A",FALSE,"8","narr","F","2"
"FrenchTexts/Q/C_PLF_10_arg_F_C_2.txt",6,9,"C",FALSE,"10","arg","F","2"
"FrenchTexts/Q/C_PLF_19_arg_F_C_1.txt",5.22222222222222,9,"C",FALSE,"19","arg","F","1"
"FrenchTexts/Q/D_PLF_3_arg_F_C_1.txt",5.44444444444444,9,"D",FALSE,"3","arg","F","1"
"FrenchTexts/Q/D_PLF_8_arg_F_C_3.txt",7,9,"D",FALSE,"8","arg","F","3"
"FrenchTexts/Q/P_CF_10_arg_F_C_2.txt",6,9,"P",TRUE,"10","arg","F","2"
"FrenchTexts/Q/P_CF_14_narr_F_C_2.txt",4.66666666666667,9,"P",TRUE,"14","narr","F","2"
"FrenchTexts/Q/P_CF_2_arg_F_C_1.txt",5.77777777777778,9,"P",TRUE,"2","arg","F","1"
"FrenchTexts/Q/P_CF_3_arg_F_C_1.txt",4.88888888888889,9,"P",TRUE,"3","arg","F","1"
"FrenchTexts/Q/Q_CF_14_arg_F_C_2.txt",6.55555555555556,9,"Q",TRUE,"14","arg","F","2"
"FrenchTexts/Q/Q_CF_15_narr_F_C_1.txt",4.66666666666667,9,"Q",TRUE,"15","narr","F","1"
"FrenchTexts/Q/Q_CF_17_arg_F_C_3.txt",5.44444444444444,9,"Q",TRUE,"17","arg","F","3"
"FrenchTexts/Q/Q_CF_3_narr_F_C_3.txt",8.66666666666667,9,"Q",TRUE,"3","narr","F","3"
"FrenchTexts/Q/Q_CF_7_arg_F_C_2.txt",6.22222222222222,9,"Q",TRUE,"7","arg","F","2"
"FrenchTexts/Q/Q_CF_8_arg_F_C_3.txt",6.44444444444444,9,"Q",TRUE,"8","arg","F","3"
"FrenchTexts/Q/R_CF_11_narr_F_C_3.txt",6.22222222222222,9,"R",TRUE,"11","narr","F","3"
"FrenchTexts/Q/R_CF_14_arg_F_C_3.txt",5.33333333333333,9,"R",TRUE,"14","arg","F","3"
"FrenchTexts/Q/R_CF_1_narr_F_C_1.txt",4.77777777777778,9,"R",TRUE,"1","narr","F","1"
"FrenchTexts/Q/T_CF_13_narr_F_C_2.txt",6,9,"T",TRUE,"13","narr","F","2"
"FrenchTexts/Q/T_CF_18_narr_F_C_3.txt",6.77777777777778,9,"T",TRUE,"18","narr","F","3"
"FrenchTexts/Q/T_CF_20_narr_F_C_3.txt",6.11111111111111,9,"T",TRUE,"20","narr","F","3"
"FrenchTexts/Q/T_CF_4_arg_F_C_1.txt",5.44444444444444,9,"T",TRUE,"4","arg","F","1"
"FrenchTexts/Q/T_CF_8_narr_F_C_2.txt",4.66666666666667,9,"T",TRUE,"8","narr","F","2"
"FrenchTexts/Q/W_CF_14_arg_F_C_2.txt",5.33333333333333,9,"W",TRUE,"14","arg","F","2"
"FrenchTexts/Q/W_CF_16_arg_F_C_1.txt",5.55555555555556,9,"W",TRUE,"16","arg","F","1"
"FrenchTexts/Q/Y_PNF_17_narr_F_C_1.txt",4,9,"Y",FALSE,"17","narr","F","1"
"FrenchTexts/Q/Y_PNF_23_narr_F_C_1.txt",4.22222222222222,9,"Y",FALSE,"23","narr","F","1"
"FrenchTexts/Q/Y_PNF_24_narr_F_C_2.txt",5.66666666666667,9,"Y",FALSE,"24","narr","F","2"
"FrenchTexts/Q/Y_PNF_27_narr_F_C_2.txt",6.55555555555556,9,"Y",FALSE,"27","narr","F","2"
"FrenchTexts/Q/Y_PNF_32_arg_F_C_2.txt",5,9,"Y",FALSE,"32","arg","F","2"
"FrenchTexts/Q/Y_PNF_33_arg_F_C_2.txt",5.55555555555556,9,"Y",FALSE,"33","arg","F","2"
"FrenchTexts/Q/Y_PNF_3_narr_F_C_3.txt",6.22222222222222,9,"Y",FALSE,"3","narr","F","3"
"FrenchTexts/Q/Y_PNF_8_narr_F_C_1.txt",4.55555555555556,9,"Y",FALSE,"8","narr","F","1"
"FrenchTexts/Q/Y_PNF_9_arg_F_C_2.txt",4.22222222222222,9,"Y",FALSE,"9","arg","F","2"
"FrenchTexts/Q/Z_PLF_7_arg_F_C_2.txt",5.22222222222222,9,"Z",FALSE,"7","arg","F","2"
"FrenchTexts/Q/Z_PLF_8_arg_F_C_3.txt",8.33333333333333,9,"Z",FALSE,"8","arg","F","3"
"FrenchTexts/R/AA_PLF_10_narr_F_C_2.txt",4.16666666666667,6,"AA",FALSE,"10","narr","F","2"
"FrenchTexts/R/AA_PLF_13_arg_F_C_2.txt",5.16666666666667,6,"AA",FALSE,"13","arg","F","2"
"FrenchTexts/R/AA_PLF_4_narr_F_C_1.txt",4.66666666666667,6,"AA",FALSE,"4","narr","F","1"
"FrenchTexts/R/AD_PLF_10_narr_F_C_1.txt",5.16666666666667,6,"AD",FALSE,"10","narr","F","1"
"FrenchTexts/R/AD_PLF_11_arg_F_C_2.txt",2.83333333333333,6,"AD",FALSE,"11","arg","F","2"
"FrenchTexts/R/AD_PLF_16_narr_F_C_2.txt",4.33333333333333,6,"AD",FALSE,"16","narr","F","2"
"FrenchTexts/R/AD_PLF_18_arg_F_C_3.txt",5.66666666666667,6,"AD",FALSE,"18","arg","F","3"
"FrenchTexts/R/AD_PLF_19_narr_F_C_3.txt",4.33333333333333,6,"AD",FALSE,"19","narr","F","3"
"FrenchTexts/R/AD_PLF_21_narr_F_C_1.txt",4.5,6,"AD",FALSE,"21","narr","F","1"
"FrenchTexts/R/AD_PLF_24_arg_F_C_1.txt",4.66666666666667,6,"AD",FALSE,"24","arg","F","1"
"FrenchTexts/R/AD_PLF_25_arg_F_C_1.txt",5.16666666666667,6,"AD",FALSE,"25","arg","F","1"
"FrenchTexts/R/AD_PLF_28_narr_F_C_3.txt",7,6,"AD",FALSE,"28","narr","F","3"
"FrenchTexts/R/AD_PLF_2_arg_F_C_2.txt",4.33333333333333,6,"AD",FALSE,"2","arg","F","2"
"FrenchTexts/R/AD_PLF_2_arg_F_C_3.txt",4.33333333333333,6,"AD",FALSE,"2","arg","F","3"
"FrenchTexts/R/AD_PLF_9_arg_F_C_2.txt",5.33333333333333,6,"AD",FALSE,"9","arg","F","2"
"FrenchTexts/R/AE_PLF_2_arg_F_C_3.txt",4.83333333333333,6,"AE",FALSE,"2","arg","F","3"
"FrenchTexts/R/AE_PLF_6_narr_F_C_2.txt",4.83333333333333,6,"AE",FALSE,"6","narr","F","2"
"FrenchTexts/R/A_PLF_15_arg_F_C_3.txt",5,6,"A",FALSE,"15","arg","F","3"
"FrenchTexts/R/A_PLF_19_narr_F_C_2.txt",3.8,5,"A",FALSE,"19","narr","F","2"
"FrenchTexts/R/A_PLF_20_arg_F_C_2.txt",4.6,5,"A",FALSE,"20","arg","F","2"
"FrenchTexts/R/C_PLF_1_narr_F_C_1.txt",4.83333333333333,6,"C",FALSE,"1","narr","F","1"
"FrenchTexts/R/C_PLF_1_narr_F_C_3.txt",7.5,6,"C",FALSE,"1","narr","F","3"
"FrenchTexts/R/D_PLF_3_narr_F_C_3.txt",6.33333333333333,6,"D",FALSE,"3","narr","F","3"
"FrenchTexts/R/D_PLF_5_arg_F_C_1.txt",4.5,6,"D",FALSE,"5","arg","F","1"
"FrenchTexts/R/P_CF_10_arg_F_C_1.txt",5,6,"P",TRUE,"10","arg","F","1"
"FrenchTexts/R/P_CF_11_narr_F_C_2.txt",5.33333333333333,6,"P",TRUE,"11","narr","F","2"
"FrenchTexts/R/P_CF_13_arg_F_C_3.txt",5.66666666666667,6,"P",TRUE,"13","arg","F","3"
"FrenchTexts/R/P_CF_13_narr_F_C_1.txt",5,6,"P",TRUE,"13","narr","F","1"
"FrenchTexts/R/P_CF_16_narr_F_C_2.txt",4,6,"P",TRUE,"16","narr","F","2"
"FrenchTexts/R/P_CF_5_arg_F_C_2.txt",4.33333333333333,6,"P",TRUE,"5","arg","F","2"
"FrenchTexts/R/P_CF_9_arg_F_C_1.txt",7.16666666666667,6,"P",TRUE,"9","arg","F","1"
"FrenchTexts/R/P_CF_9_arg_F_C_3.txt",7.66666666666667,6,"P",TRUE,"9","arg","F","3"
"FrenchTexts/R/Q_CF_7_narr_F_C_1.txt",4.5,6,"Q",TRUE,"7","narr","F","1"
"FrenchTexts/R/Q_CF_9_arg_F_C_2.txt",5.33333333333333,6,"Q",TRUE,"9","arg","F","2"
"FrenchTexts/R/R_CF_17_arg_F_C_1.txt",4.66666666666667,6,"R",TRUE,"17","arg","F","1"
"FrenchTexts/R/R_CF_5_narr_F_C_2.txt",3.83333333333333,6,"R",TRUE,"5","narr","F","2"
"FrenchTexts/R/R_CF_7_narr_F_C_1.txt",4.83333333333333,6,"R",TRUE,"7","narr","F","1"
"FrenchTexts/R/R_CF_7_narr_F_C_3.txt",5.33333333333333,6,"R",TRUE,"7","narr","F","3"
"FrenchTexts/R/R_CF_9_arg_F_C_3.txt",4.16666666666667,6,"R",TRUE,"9","arg","F","3"
"FrenchTexts/R/T_CF_17_arg_F_C_2.txt",6,6,"T",TRUE,"17","arg","F","2"
"FrenchTexts/R/T_CF_19_narr_F_C_3.txt",8.33333333333333,6,"T",TRUE,"19","narr","F","3"
"FrenchTexts/R/W_CF_17_narr_F_C_3.txt",7.5,6,"W",TRUE,"17","narr","F","3"
"FrenchTexts/R/W_CF_5_arg_F_C_2.txt",4.5,6,"W",TRUE,"5","arg","F","2"
"FrenchTexts/R/W_CF_6_arg_F_C_1.txt",4.83333333333333,6,"W",TRUE,"6","arg","F","1"
"FrenchTexts/R/W_CF_7_arg_F_C_3.txt",7.16666666666667,6,"W",TRUE,"7","arg","F","3"
"FrenchTexts/R/Y_PNF_11_arg_F_C_1.txt",4.16666666666667,6,"Y",FALSE,"11","arg","F","1"
"FrenchTexts/R/Y_PNF_16_narr_F_C_2.txt",3.83333333333333,6,"Y",FALSE,"16","narr","F","2"
"FrenchTexts/R/Y_PNF_34_arg_F_C_1.txt",4.83333333333333,6,"Y",FALSE,"34","arg","F","1"
"FrenchTexts/R/Y_PNF_6_arg_F_C_3.txt",6.33333333333333,6,"Y",FALSE,"6","arg","F","3"
"FrenchTexts/R/Z_PLF_7_arg_F_C_3.txt",5.5,6,"Z",FALSE,"7","arg","F","3"
"FrenchTexts/S/AA_PLF_6_arg_F_C_1.txt",5.125,8,"AA",FALSE,"6","arg","F","1"
"FrenchTexts/S/AD_PLF_19_narr_F_C_2.txt",4.28571428571429,7,"AD",FALSE,"19","narr","F","2"
"FrenchTexts/S/AD_PLF_22_arg_F_C_3.txt",5.625,8,"AD",FALSE,"22","arg","F","3"
"FrenchTexts/S/AE_PLF_2_arg_F_C_2.txt",5.5,8,"AE",FALSE,"2","arg","F","2"
"FrenchTexts/S/AE_PLF_6_arg_F_C_3.txt",4.875,8,"AE",FALSE,"6","arg","F","3"
"FrenchTexts/S/A_PLF_13_narr_F_C_1.txt",4.75,8,"A",FALSE,"13","narr","F","1"
"FrenchTexts/S/A_PLF_16_arg_F_C_1.txt",4.625,8,"A",FALSE,"16","arg","F","1"
"FrenchTexts/S/A_PLF_2_narr_F_C_1.txt",3,8,"A",FALSE,"2","narr","F","1"
"FrenchTexts/S/A_PLF_7_arg_F_C_2.txt",4.875,8,"A",FALSE,"7","arg","F","2"
"FrenchTexts/S/C_PLF_19_arg_F_C_3.txt",6.5,8,"C",FALSE,"19","arg","F","3"
"FrenchTexts/S/C_PLF_1_narr_F_C_2.txt",5.875,8,"C",FALSE,"1","narr","F","2"
"FrenchTexts/S/C_PLF_32_narr_F_C_1.txt",5.25,8,"C",FALSE,"32","narr","F","1"
"FrenchTexts/S/D_PLF_1_narr_F_C_2.txt",5.375,8,"D",FALSE,"1","narr","F","2"
"FrenchTexts/S/D_PLF_1_narr_F_C_3.txt",7.5,8,"D",FALSE,"1","narr","F","3"
"FrenchTexts/S/D_PLF_4_narr_F_C_3.txt",5.375,8,"D",FALSE,"4","narr","F","3"
"FrenchTexts/S/D_PLF_5_arg_F_C_2.txt",3.875,8,"D",FALSE,"5","arg","F","2"
"FrenchTexts/S/D_PLF_6_arg_F_C_3.txt",5.125,8,"D",FALSE,"6","arg","F","3"
"FrenchTexts/S/D_PLF_6_narr_F_C_2.txt",4.5,8,"D",FALSE,"6","narr","F","2"
"FrenchTexts/S/P_CF_10_narr_F_C_1.txt",5.375,8,"P",TRUE,"10","narr","F","1"
"FrenchTexts/S/P_CF_12_narr_F_C_1.txt",5.125,8,"P",TRUE,"12","narr","F","1"
"FrenchTexts/S/P_CF_15_arg_F_C_2.txt",5.25,8,"P",TRUE,"15","arg","F","2"
"FrenchTexts/S/P_CF_1_narr_F_C_3.txt",6.25,8,"P",TRUE,"1","narr","F","3"
"FrenchTexts/S/P_CF_8_arg_F_C_2.txt",5.375,8,"P",TRUE,"8","arg","F","2"
"FrenchTexts/S/Q_CF_11_arg_F_C_2.txt",4.25,8,"Q",TRUE,"11","arg","F","2"
"FrenchTexts/S/Q_CF_14_arg_F_C_3.txt",7.125,8,"Q",TRUE,"14","arg","F","3"
"FrenchTexts/S/R_CF_11_arg_F_C_2.txt",5,8,"R",TRUE,"11","arg","F","2"
"FrenchTexts/S/R_CF_21_arg_F_C_3.txt",5.375,8,"R",TRUE,"21","arg","F","3"
"FrenchTexts/S/R_CF_3_narr_F_C_2.txt",5.5,8,"R",TRUE,"3","narr","F","2"
"FrenchTexts/S/T_CF_10_arg_F_C_1.txt",7.125,8,"T",TRUE,"10","arg","F","1"
"FrenchTexts/S/T_CF_10_narr_F_C_3.txt",7.375,8,"T",TRUE,"10","narr","F","3"
"FrenchTexts/S/T_CF_15_narr_F_C_3.txt",6.75,8,"T",TRUE,"15","narr","F","3"
"FrenchTexts/S/T_CF_18_arg_F_C_1.txt",6.125,8,"T",TRUE,"18","arg","F","1"
"FrenchTexts/S/T_CF_18_arg_F_C_3.txt",6.625,8,"T",TRUE,"18","arg","F","3"
"FrenchTexts/S/T_CF_3_narr_F_C_2.txt",5.125,8,"T",TRUE,"3","narr","F","2"
"FrenchTexts/S/T_CF_4_narr_F_C_2.txt",6.5,8,"T",TRUE,"4","narr","F","2"
"FrenchTexts/S/T_CF_9_arg_F_C_1.txt",5.5,8,"T",TRUE,"9","arg","F","1"
"FrenchTexts/S/W_CF_12_arg_F_C_1.txt",4.5,8,"W",TRUE,"12","arg","F","1"
"FrenchTexts/S/W_CF_15_arg_F_C_3.txt",7.125,8,"W",TRUE,"15","arg","F","3"
"FrenchTexts/S/Y_PNF_15_arg_F_C_3.txt",6.625,8,"Y",FALSE,"15","arg","F","3"
"FrenchTexts/S/Y_PNF_15_narr_F_C_1.txt",5.5,8,"Y",FALSE,"15","narr","F","1"
"FrenchTexts/S/Y_PNF_22_narr_F_C_2.txt",4.125,8,"Y",FALSE,"22","narr","F","2"
"FrenchTexts/S/Y_PNF_27_arg_F_C_1.txt",5.5,8,"Y",FALSE,"27","arg","F","1"
"FrenchTexts/S/Y_PNF_29_arg_F_C_2.txt",4.625,8,"Y",FALSE,"29","arg","F","2"
"FrenchTexts/S/Y_PNF_31_arg_F_C_1.txt",3.75,8,"Y",FALSE,"31","arg","F","1"
"FrenchTexts/S/Y_PNF_34_arg_F_C_2.txt",5.75,8,"Y",FALSE,"34","arg","F","2"
"FrenchTexts/S/Y_PNF_36_arg_F_C_1.txt",3.625,8,"Y",FALSE,"36","arg","F","1"
"FrenchTexts/S/Y_PNF_6_arg_F_C_1.txt",3,8,"Y",FALSE,"6","arg","F","1"
"FrenchTexts/S/Y_PNF_8_narr_F_C_3.txt",4.625,8,"Y",FALSE,"8","narr","F","3"
"FrenchTexts/S/Z_PLF_2_narr_F_C_2.txt",5.375,8,"Z",FALSE,"2","narr","F","2"
"FrenchTexts/S/Z_PLF_6_narr_F_C_3.txt",4.875,8,"Z",FALSE,"6","narr","F","3"
"FrenchTexts/T/AA_PLF_13_narr_F_C_3.txt",6.4,5,"AA",FALSE,"13","narr","F","3"
"FrenchTexts/T/AA_PLF_1_narr_F_C_1.txt",2.6,5,"AA",FALSE,"1","narr","F","1"
"FrenchTexts/T/AA_PLF_6_arg_F_C_2.txt",5,4,"AA",FALSE,"6","arg","F","2"
"FrenchTexts/T/AA_PLF_6_narr_F_C_1.txt",4.8,5,"AA",FALSE,"6","narr","F","1"
"FrenchTexts/T/AA_PLF_7_arg_F_C_2.txt",5,5,"AA",FALSE,"7","arg","F","2"
"FrenchTexts/T/AD_PLF_13_arg_F_C_2.txt",4.8,5,"AD",FALSE,"13","arg","F","2"
"FrenchTexts/T/AD_PLF_16_arg_F_C_1.txt",4.4,5,"AD",FALSE,"16","arg","F","1"
"FrenchTexts/T/AD_PLF_23_arg_F_C_1.txt",5.6,5,"AD",FALSE,"23","arg","F","1"
"FrenchTexts/T/AD_PLF_4_narr_F_C_3.txt",5.4,5,"AD",FALSE,"4","narr","F","3"
"FrenchTexts/T/AD_PLF_7_arg_F_C_1.txt",5.8,5,"AD",FALSE,"7","arg","F","1"
"FrenchTexts/T/AE_PLF_2_narr_F_C_3.txt",6.4,5,"AE",FALSE,"2","narr","F","3"
"FrenchTexts/T/A_PLF_14_arg_F_C_3.txt",5.4,5,"A",FALSE,"14","arg","F","3"
"FrenchTexts/T/A_PLF_16_narr_F_C_3.txt",5.2,5,"A",FALSE,"16","narr","F","3"
"FrenchTexts/T/A_PLF_1_arg_F_C_1.txt",4.4,5,"A",FALSE,"1","arg","F","1"
"FrenchTexts/T/A_PLF_20_arg_F_C_1.txt",6,5,"A",FALSE,"20","arg","F","1"
"FrenchTexts/T/A_PLF_20_narr_F_C_2.txt",5.6,5,"A",FALSE,"20","narr","F","2"
"FrenchTexts/T/A_PLF_2_arg_F_C_3.txt",4.4,5,"A",FALSE,"2","arg","F","3"
"FrenchTexts/T/A_PLF_4_narr_F_C_2.txt",3,5,"A",FALSE,"4","narr","F","2"
"FrenchTexts/T/A_PLF_5_arg_F_C_3.txt",5.2,5,"A",FALSE,"5","arg","F","3"
"FrenchTexts/T/C_PLF_16_narr_F_C_1.txt",4.6,5,"C",FALSE,"16","narr","F","1"
"FrenchTexts/T/P_CF_13_arg_F_C_1.txt",5.2,5,"P",TRUE,"13","arg","F","1"
"FrenchTexts/T/P_CF_7_arg_F_C_1.txt",6.2,5,"P",TRUE,"7","arg","F","1"
"FrenchTexts/T/Q_CF_14_narr_F_C_2.txt",6.4,5,"Q",TRUE,"14","narr","F","2"
"FrenchTexts/T/Q_CF_6_narr_F_C_1.txt",4.2,5,"Q",TRUE,"6","narr","F","1"
"FrenchTexts/T/R_CF_11_arg_F_C_3.txt",7.2,5,"R",TRUE,"11","arg","F","3"
"FrenchTexts/T/R_CF_16_arg_F_C_2.txt",4.6,5,"R",TRUE,"16","arg","F","2"
"FrenchTexts/T/R_CF_2_arg_F_C_1.txt",4.6,5,"R",TRUE,"2","arg","F","1"
"FrenchTexts/T/R_CF_4_arg_F_C_3.txt",7.6,5,"R",TRUE,"4","arg","F","3"
"FrenchTexts/T/R_CF_4_narr_F_C_1.txt",4.4,5,"R",TRUE,"4","narr","F","1"
"FrenchTexts/T/R_CF_6_arg_F_C_3.txt",5.6,5,"R",TRUE,"6","arg","F","3"
"FrenchTexts/T/R_CF_8_arg_F_C_3.txt",7.4,5,"R",TRUE,"8","arg","F","3"
"FrenchTexts/T/R_CF_8_narr_F_C_3.txt",7.2,5,"R",TRUE,"8","narr","F","3"
"FrenchTexts/T/T_CF_15_arg_F_C_1.txt",5.2,5,"T",TRUE,"15","arg","F","1"
"FrenchTexts/T/T_CF_18_arg_F_C_2.txt",5.2,5,"T",TRUE,"18","arg","F","2"
"FrenchTexts/T/T_CF_2_arg_F_C_1.txt",5.6,5,"T",TRUE,"2","arg","F","1"
"FrenchTexts/T/W_CF_10_arg_F_C_2.txt",6.2,5,"W",TRUE,"10","arg","F","2"
"FrenchTexts/T/W_CF_10_narr_F_C_3.txt",5.8,5,"W",TRUE,"10","narr","F","3"
"FrenchTexts/T/W_CF_15_narr_F_C_2.txt",5.2,5,"W",TRUE,"15","narr","F","2"
"FrenchTexts/T/W_CF_16_narr_F_C_3.txt",5.8,5,"W",TRUE,"16","narr","F","3"
"FrenchTexts/T/W_CF_3_narr_F_C_2.txt",6.6,5,"W",TRUE,"3","narr","F","2"
"FrenchTexts/T/W_CF_7_arg_F_C_2.txt",5.8,5,"W",TRUE,"7","arg","F","2"
"FrenchTexts/T/Y_PNF_10_arg_F_C_3.txt",7.6,5,"Y",FALSE,"10","arg","F","3"
"FrenchTexts/T/Y_PNF_11_narr_F_C_2.txt",4.4,5,"Y",FALSE,"11","narr","F","2"
"FrenchTexts/T/Y_PNF_22_arg_F_C_3.txt",2.8,5,"Y",FALSE,"22","arg","F","3"
"FrenchTexts/T/Y_PNF_2_arg_F_C_2.txt",5.4,5,"Y",FALSE,"2","arg","F","2"
"FrenchTexts/T/Y_PNF_36_narr_F_C_2.txt",5.8,5,"Y",FALSE,"36","narr","F","2"
"FrenchTexts/T/Y_PNF_6_narr_F_C_1.txt",5.4,5,"Y",FALSE,"6","narr","F","1"
"FrenchTexts/T/Y_PNF_6_narr_F_C_3.txt",5.8,5,"Y",FALSE,"6","narr","F","3"
"FrenchTexts/T/Y_PNF_8_arg_F_C_2.txt",4.4,5,"Y",FALSE,"8","arg","F","2"
"FrenchTexts/T/Z_PLF_8_arg_F_C_2.txt",7,5,"Z",FALSE,"8","arg","F","2"
